node,label,label_name,degree,clustering,component_size,boundary,class_size,error,stable_error,cluster,degree_bin,boundary_bin,coverage,length,gc,n_sample_colors
0,0,unclassified_or_mixed,4.0,0.0,394.0,1.0,80.0,0,0,1,3+ branch,1 all neighbours foreign,19.4286,28.0,0.4642857142857143,2.0
1,3,T4,0.0,0.0,1.0,,389.0,0,0,0,0 isolated,,1.9765,276.0,0.38768115942028986,2.0
2,3,T4,1.0,0.0,14.0,0.0,389.0,0,0,4,1 tip,0 no foreign neighbour,1.9719,306.0,0.3562091503267974,2.0
3,3,T4,0.0,0.0,1.0,,389.0,0,0,0,0 isolated,,3.5514,128.0,0.203125,2.0
4,2,T3,2.0,0.0,394.0,1.0,156.0,0,0,3,2 path,1 all neighbours foreign,7.2589,133.0,0.5338345864661654,0.0
5,3,T4,0.0,0.0,1.0,,389.0,0,0,0,0 isolated,,2.54,121.0,0.4462809917355372,1.0
6,4,T5,1.0,0.0,6.0,0.0,177.0,1,1,4,1 tip,0 no foreign neighbour,3.4739,614.0,0.4185667752442997,1.0
7,4,T5,2.0,0.0,6.0,0.0,177.0,1,1,3,2 path,0 no foreign neighbour,5.0,39.0,0.28205128205128205,1.0
8,2,T3,2.0,0.0,394.0,0.5,156.0,0,0,3,2 path,mixed,7.9218,430.0,0.47674418604651164,1.0
9,5,T7,2.0,0.0,394.0,1.0,163.0,1,0,3,2 path,1 all neighbours foreign,6.0804,133.0,0.5413533834586466,0.0
10,5,T7,3.0,0.0,394.0,0.6666666666666666,163.0,1,1,1,3+ branch,mixed,12.3333,54.0,0.46296296296296297,1.0
11,2,T3,3.0,0.0,394.0,0.6666666666666666,156.0,1,1,1,3+ branch,mixed,21.2727,54.0,0.5,1.0
12,3,T4,0.0,0.0,1.0,,389.0,0,0,0,0 isolated,,2.9044,743.0,0.32301480484522205,2.0
13,5,T7,4.0,0.0,394.0,0.5,163.0,1,1,1,3+ branch,mixed,12.5191,204.0,0.44607843137254904,1.0
14,4,T5,0.0,0.0,1.0,,177.0,1,1,0,0 isolated,,2.9805,431.0,0.37354988399071926,1.0
15,3,T4,2.0,0.0,4.0,1.0,389.0,0,0,4,2 path,1 all neighbours foreign,2.0498,282.0,0.39361702127659576,2.0
16,3,T4,0.0,0.0,1.0,,389.0,0,0,0,0 isolated,,2.0,76.0,0.32894736842105265,1.0
17,2,T3,2.0,1.0,394.0,0.0,156.0,1,1,1,2 path,0 no foreign neighbour,9.3099,363.0,0.4325068870523416,1.0
18,3,T4,0.0,0.0,1.0,,389.0,0,0,0,0 isolated,,2.4829,750.0,0.34,2.0
19,3,T4,0.0,0.0,1.0,,389.0,0,0,0,0 isolated,,2.321,183.0,0.34972677595628415,1.0
20,5,T7,2.0,0.0,394.0,0.5,163.0,1,0,3,2 path,mixed,14.1552,79.0,0.46835443037974683,1.0
21,2,T3,2.0,0.0,394.0,1.0,156.0,0,0,3,2 path,1 all neighbours foreign,10.0345,79.0,0.4810126582278481,1.0
22,5,T7,4.0,0.0,394.0,0.5,163.0,1,1,1,3+ branch,mixed,16.5977,108.0,0.5370370370370371,0.0
23,3,T4,3.0,0.0,5.0,0.0,389.0,0,0,4,3+ branch,0 no foreign neighbour,1.8,36.0,0.4444444444444444,1.0
24,0,unclassified_or_mixed,4.0,0.0,394.0,1.0,80.0,0,0,1,3+ branch,1 all neighbours foreign,17.25,29.0,0.6206896551724138,2.0
25,0,unclassified_or_mixed,4.0,0.0,394.0,1.0,80.0,0,0,1,3+ branch,1 all neighbours foreign,17.6667,27.0,0.5185185185185185,2.0
26,3,T4,0.0,0.0,1.0,,389.0,0,0,0,0 isolated,,2.37,121.0,0.39669421487603307,2.0
27,3,T4,0.0,0.0,1.0,,389.0,0,0,0,0 isolated,,2.3333,126.0,0.30952380952380953,1.0
28,0,unclassified_or_mixed,4.0,0.0,394.0,1.0,80.0,0,0,1,3+ branch,1 all neighbours foreign,31.75,29.0,0.4827586206896552,2.0
29,3,T4,0.0,0.0,1.0,,389.0,0,0,0,0 isolated,,2.9363,508.0,0.3937007874015748,2.0
30,3,T4,0.0,0.0,1.0,,389.0,0,0,0,0 isolated,,2.0,118.0,0.3813559322033898,2.0
31,3,T4,2.0,0.0,5.0,0.0,389.0,1,1,1,2 path,0 no foreign neighbour,3.2271,382.0,0.3481675392670157,2.0
32,0,unclassified_or_mixed,4.0,0.0,394.0,1.0,80.0,0,0,1,3+ branch,1 all neighbours foreign,22.4545,32.0,0.46875,2.0
33,1,T1,0.0,0.0,1.0,,18.0,1,1,0,0 isolated,,3.605,869.0,0.4234752589182969,1.0
34,3,T4,0.0,0.0,1.0,,389.0,0,0,0,0 isolated,,2.9274,255.0,0.396078431372549,2.0
35,4,T5,0.0,0.0,1.0,,177.0,1,1,0,0 isolated,,3.4983,609.0,0.3957307060755337,1.0
36,3,T4,0.0,0.0,1.0,,389.0,0,0,0,0 isolated,,1.767,330.0,0.403030303030303,2.0
37,4,T5,0.0,0.0,1.0,,177.0,1,1,0,0 isolated,,2.8312,252.0,0.31746031746031744,1.0
38,3,T4,0.0,0.0,1.0,,389.0,0,0,0,0 isolated,,2.4913,310.0,0.3741935483870968,1.0
39,5,T7,2.0,0.0,394.0,1.0,163.0,1,0,3,2 path,1 all neighbours foreign,11.7714,56.0,0.42857142857142855,1.0
40,2,T3,4.0,0.0,394.0,0.0,156.0,1,1,1,3+ branch,0 no foreign neighbour,30.0,22.0,0.4090909090909091,1.0
41,1,T1,4.0,0.0,16.0,0.0,18.0,1,1,1,3+ branch,0 no foreign neighbour,16.0,22.0,0.5909090909090909,1.0
42,0,unclassified_or_mixed,6.0,0.0,394.0,0.8333333333333334,80.0,1,1,5,3+ branch,mixed,67.5,23.0,0.391304347826087,2.0
43,2,T3,2.0,0.0,394.0,1.0,156.0,0,0,3,2 path,1 all neighbours foreign,6.9916,259.0,0.528957528957529,1.0
44,2,T3,2.0,0.0,394.0,0.5,156.0,0,0,3,2 path,mixed,8.0571,56.0,0.44642857142857145,1.0
45,1,T1,4.0,0.0,16.0,0.0,18.0,1,1,1,3+ branch,0 no foreign neighbour,13.6585,103.0,0.49514563106796117,1.0
46,5,T7,2.0,0.0,394.0,1.0,163.0,1,0,3,2 path,1 all neighbours foreign,7.0462,259.0,0.5135135135135135,1.0
47,3,T4,0.0,0.0,1.0,,389.0,0,0,0,0 isolated,,3.0905,253.0,0.383399209486166,2.0
48,2,T3,2.0,0.0,394.0,1.0,156.0,0,0,3,2 path,1 all neighbours foreign,5.3276,137.0,0.5328467153284672,0.0
49,3,T4,0.0,0.0,1.0,,389.0,0,0,0,0 isolated,,2.8865,523.0,0.3403441682600382,2.0
50,3,T4,0.0,0.0,1.0,,389.0,0,0,0,0 isolated,,2.2468,175.0,0.42857142857142855,1.0
51,0,unclassified_or_mixed,4.0,0.0,394.0,1.0,80.0,0,0,1,3+ branch,1 all neighbours foreign,14.3333,24.0,0.4583333333333333,2.0
52,3,T4,0.0,0.0,1.0,,389.0,0,0,0,0 isolated,,2.3037,156.0,0.32051282051282054,1.0
53,5,T7,2.0,0.0,394.0,1.0,163.0,1,1,3,2 path,1 all neighbours foreign,8.274,94.0,0.44680851063829785,0.0
54,5,T7,2.0,0.0,394.0,1.0,163.0,1,0,3,2 path,1 all neighbours foreign,9.3793,137.0,0.5109489051094891,0.0
55,2,T3,2.0,0.0,394.0,0.5,156.0,0,0,3,2 path,mixed,11.1096,94.0,0.46808510638297873,1.0
56,3,T4,0.0,0.0,1.0,,389.0,0,0,0,0 isolated,,2.4839,269.0,0.3754646840148699,2.0
57,3,T4,0.0,0.0,1.0,,389.0,0,0,0,0 isolated,,2.7367,678.0,0.35693215339233036,2.0
58,3,T4,0.0,0.0,1.0,,389.0,0,0,0,0 isolated,,2.8027,315.0,0.30793650793650795,2.0
59,0,unclassified_or_mixed,4.0,0.0,394.0,1.0,80.0,0,0,1,3+ branch,1 all neighbours foreign,22.0,31.0,0.5806451612903226,2.0
60,3,T4,0.0,0.0,1.0,,389.0,0,0,0,0 isolated,,1.578,431.0,0.3805104408352668,2.0
61,3,T4,0.0,0.0,1.0,,389.0,0,0,0,0 isolated,,2.2677,402.0,0.3358208955223881,2.0
62,4,T5,0.0,0.0,1.0,,177.0,1,1,0,0 isolated,,3.3483,288.0,0.3472222222222222,1.0
63,0,unclassified_or_mixed,4.0,0.0,394.0,1.0,80.0,0,0,1,3+ branch,1 all neighbours foreign,7.0,23.0,0.5652173913043478,2.0
64,3,T4,0.0,0.0,1.0,,389.0,0,0,0,0 isolated,,1.9976,444.0,0.39864864864864863,2.0
65,3,T4,0.0,0.0,1.0,,389.0,0,0,0,0 isolated,,2.6127,163.0,0.48466257668711654,2.0
66,3,T4,0.0,0.0,1.0,,389.0,0,0,0,0 isolated,,2.3996,474.0,0.41561181434599154,2.0
67,3,T4,0.0,0.0,1.0,,389.0,0,0,0,0 isolated,,2.2476,126.0,0.42063492063492064,1.0
68,5,T7,4.0,0.0,394.0,0.5,163.0,1,1,1,3+ branch,mixed,12.1599,290.0,0.4896551724137931,1.0
69,3,T4,0.0,0.0,1.0,,389.0,0,0,0,0 isolated,,2.5923,357.0,0.35294117647058826,2.0
70,0,unclassified_or_mixed,4.0,0.0,394.0,1.0,80.0,0,0,1,3+ branch,1 all neighbours foreign,26.5,35.0,0.42857142857142855,2.0
71,3,T4,0.0,0.0,1.0,,389.0,0,0,0,0 isolated,,3.1889,434.0,0.33640552995391704,2.0
72,0,unclassified_or_mixed,4.0,0.0,394.0,1.0,80.0,0,0,1,3+ branch,1 all neighbours foreign,14.625,29.0,0.5172413793103449,2.0
73,2,T3,2.0,0.0,394.0,1.0,156.0,0,0,3,2 path,1 all neighbours foreign,6.3023,64.0,0.4375,1.0
74,5,T7,2.0,0.0,394.0,0.5,163.0,1,0,3,2 path,mixed,8.3488,64.0,0.421875,1.0
75,3,T4,0.0,0.0,1.0,,389.0,0,0,0,0 isolated,,2.8471,276.0,0.37318840579710144,2.0
76,4,T5,0.0,0.0,1.0,,177.0,1,1,0,0 isolated,,2.2095,126.0,0.3888888888888889,1.0
77,3,T4,0.0,0.0,1.0,,389.0,0,0,0,0 isolated,,2.0,94.0,0.3404255319148936,2.0
78,3,T4,0.0,0.0,1.0,,389.0,0,0,0,0 isolated,,1.9614,228.0,0.34649122807017546,1.0
79,1,T1,0.0,0.0,1.0,,18.0,1,1,0,0 isolated,,3.4898,168.0,0.36904761904761907,1.0
80,3,T4,2.0,0.0,5.0,0.0,389.0,0,0,4,2 path,0 no foreign neighbour,2.7164,88.0,0.3409090909090909,1.0
81,5,T7,4.0,0.0,394.0,0.5,163.0,1,1,1,3+ branch,mixed,10.5366,62.0,0.5161290322580645,1.0
82,3,T4,0.0,0.0,1.0,,389.0,0,0,0,0 isolated,,3.0857,523.0,0.32695984703632885,2.0
83,5,T7,3.0,0.3333333432674408,394.0,0.3333333333333333,163.0,1,1,5,3+ branch,mixed,9.6564,248.0,0.45564516129032256,1.0
84,4,T5,0.0,0.0,1.0,,177.0,1,1,0,0 isolated,,2.6114,582.0,0.3900343642611684,1.0
85,4,T5,0.0,0.0,1.0,,177.0,1,1,0,0 isolated,,1.766,115.0,0.33043478260869563,1.0
86,2,T3,2.0,0.0,394.0,0.5,156.0,0,0,3,2 path,mixed,9.2979,1236.0,0.4911003236245955,1.0
87,3,T4,0.0,0.0,1.0,,389.0,0,0,0,0 isolated,,2.5079,466.0,0.3218884120171674,2.0
88,3,T4,0.0,0.0,1.0,,389.0,0,0,0,0 isolated,,1.3429,126.0,0.3333333333333333,1.0
89,3,T4,0.0,0.0,1.0,,389.0,0,0,0,0 isolated,,2.2716,253.0,0.40711462450592883,2.0
90,3,T4,0.0,0.0,1.0,,389.0,0,0,0,0 isolated,,2.9217,136.0,0.39705882352941174,1.0
91,4,T5,0.0,0.0,1.0,,177.0,1,1,0,0 isolated,,2.2571,126.0,0.4126984126984127,1.0
92,3,T4,0.0,0.0,1.0,,389.0,0,0,0,0 isolated,,2.9875,342.0,0.35964912280701755,2.0
93,4,T5,0.0,0.0,1.0,,177.0,1,1,0,0 isolated,,3.1876,1844.0,0.41865509761388287,1.0
94,4,T5,2.0,0.0,6.0,0.0,177.0,1,1,3,2 path,0 no foreign neighbour,4.9087,3712.0,0.41082974137931033,1.0
95,4,T5,0.0,0.0,1.0,,177.0,1,1,0,0 isolated,,1.6812,181.0,0.40331491712707185,1.0
96,0,unclassified_or_mixed,4.0,0.0,394.0,1.0,80.0,0,0,1,3+ branch,1 all neighbours foreign,16.0,26.0,0.38461538461538464,2.0
97,3,T4,0.0,0.0,1.0,,389.0,0,0,0,0 isolated,,3.15,161.0,0.40993788819875776,1.0
98,4,T5,0.0,0.0,1.0,,177.0,1,1,0,0 isolated,,2.5869,1149.0,0.391644908616188,1.0
99,2,T3,2.0,0.0,394.0,1.0,156.0,0,0,3,2 path,1 all neighbours foreign,5.5,143.0,0.48951048951048953,0.0
100,5,T7,2.0,0.0,394.0,1.0,163.0,1,1,3,2 path,1 all neighbours foreign,9.3443,143.0,0.4965034965034965,1.0
101,3,T4,0.0,0.0,1.0,,389.0,0,0,0,0 isolated,,2.3905,126.0,0.48412698412698413,2.0
102,5,T7,2.0,0.0,394.0,0.5,163.0,1,0,3,2 path,mixed,7.3529,55.0,0.45454545454545453,1.0
103,2,T3,2.0,0.0,394.0,1.0,156.0,0,0,3,2 path,1 all neighbours foreign,5.6765,55.0,0.43636363636363634,1.0
104,2,T3,3.0,0.0,394.0,0.3333333333333333,156.0,1,1,1,3+ branch,mixed,9.8232,807.0,0.5006195786864932,1.0
105,3,T4,0.0,0.0,1.0,,389.0,0,0,0,0 isolated,,2.5132,210.0,0.3142857142857143,2.0
106,4,T5,1.0,0.0,5.0,0.0,177.0,1,1,4,1 tip,0 no foreign neighbour,3.1932,844.0,0.3981042654028436,1.0
107,4,T5,0.0,0.0,1.0,,177.0,1,1,0,0 isolated,,3.5489,1187.0,0.37994945240101097,1.0
108,4,T5,3.0,0.0,6.0,0.0,177.0,1,1,1,3+ branch,0 no foreign neighbour,5.4698,5896.0,0.3914518317503392,1.0
109,4,T5,1.0,0.0,5.0,0.0,177.0,1,1,4,1 tip,0 no foreign neighbour,2.4289,408.0,0.39705882352941174,1.0
110,2,T3,4.0,0.0,394.0,0.25,156.0,1,1,5,3+ branch,mixed,9.8371,733.0,0.5115961800818554,1.0
111,4,T5,0.0,0.0,1.0,,177.0,1,1,0,0 isolated,,3.6595,441.0,0.3764172335600907,1.0
112,2,T3,2.0,0.0,394.0,1.0,156.0,0,0,3,2 path,1 all neighbours foreign,8.1857,91.0,0.5054945054945055,0.0
113,5,T7,2.0,0.0,394.0,1.0,163.0,1,0,3,2 path,1 all neighbours foreign,7.7857,91.0,0.5384615384615384,1.0
114,2,T3,4.0,0.0,394.0,0.5,156.0,1,1,1,3+ branch,mixed,11.9655,137.0,0.5182481751824818,0.0
115,4,T5,0.0,0.0,1.0,,177.0,1,1,0,0 isolated,,2.1384,953.0,0.40398740818467993,1.0
116,3,T4,0.0,0.0,1.0,,389.0,0,0,0,0 isolated,,2.6385,624.0,0.40224358974358976,2.0
117,0,unclassified_or_mixed,4.0,0.0,394.0,1.0,80.0,0,0,1,3+ branch,1 all neighbours foreign,18.2,26.0,0.5384615384615384,2.0
118,0,unclassified_or_mixed,4.0,0.0,394.0,1.0,80.0,0,0,1,3+ branch,1 all neighbours foreign,25.0,24.0,0.5,2.0
119,2,T3,3.0,0.0,394.0,0.6666666666666666,156.0,1,1,1,3+ branch,mixed,11.5778,66.0,0.42424242424242425,1.0
120,4,T5,0.0,0.0,1.0,,177.0,1,1,0,0 isolated,,2.2332,244.0,0.3114754098360656,1.0
121,4,T5,0.0,0.0,1.0,,177.0,1,1,0,0 isolated,,1.5,105.0,0.3904761904761905,1.0
122,4,T5,0.0,0.0,1.0,,177.0,1,1,0,0 isolated,,2.3675,421.0,0.42042755344418054,1.0
123,4,T5,0.0,0.0,1.0,,177.0,1,1,0,0 isolated,,3.0204,217.0,0.43317972350230416,1.0
124,3,T4,0.0,0.0,1.0,,389.0,0,0,0,0 isolated,,1.6381,126.0,0.35714285714285715,1.0
125,5,T7,3.0,0.0,394.0,0.6666666666666666,163.0,1,1,1,3+ branch,mixed,9.3636,43.0,0.5348837209302325,1.0
126,2,T3,3.0,0.0,394.0,0.6666666666666666,156.0,1,1,1,3+ branch,mixed,9.8636,43.0,0.5116279069767442,1.0
127,2,T3,2.0,0.0,394.0,1.0,156.0,0,0,3,2 path,1 all neighbours foreign,5.807,78.0,0.48717948717948717,1.0
128,5,T7,2.0,0.0,394.0,0.0,163.0,1,0,3,2 path,0 no foreign neighbour,6.3509,78.0,0.5,1.0
129,3,T4,0.0,0.0,1.0,,389.0,0,0,0,0 isolated,,2.6857,126.0,0.3968253968253968,1.0
130,3,T4,0.0,0.0,1.0,,389.0,0,0,0,0 isolated,,1.8377,514.0,0.3035019455252918,2.0
131,4,T5,0.0,0.0,1.0,,177.0,1,1,0,0 isolated,,1.6944,93.0,0.40860215053763443,1.0
132,4,T5,0.0,0.0,1.0,,177.0,1,1,0,0 isolated,,1.8553,325.0,0.3476923076923077,1.0
133,5,T7,4.0,0.0,394.0,0.5,163.0,1,1,1,3+ branch,mixed,15.8839,650.0,0.5107692307692308,2.0
134,4,T5,0.0,0.0,1.0,,177.0,1,1,0,0 isolated,,3.3952,980.0,0.39387755102040817,1.0
135,2,T3,2.0,0.0,394.0,0.5,156.0,0,0,3,2 path,mixed,6.7059,123.0,0.4796747967479675,0.0
136,0,unclassified_or_mixed,4.0,0.0,394.0,1.0,80.0,0,0,1,3+ branch,1 all neighbours foreign,10.0588,38.0,0.42105263157894735,2.0
137,5,T7,2.0,0.0,394.0,1.0,163.0,1,1,3,2 path,1 all neighbours foreign,8.6961,123.0,0.45528455284552843,0.0
138,3,T4,0.0,0.0,1.0,,389.0,0,0,0,0 isolated,,1.8977,588.0,0.3622448979591837,2.0
139,3,T4,0.0,0.0,1.0,,389.0,0,0,0,0 isolated,,2.2755,511.0,0.33463796477495106,2.0
140,4,T5,0.0,0.0,1.0,,177.0,1,1,0,0 isolated,,2.3829,384.0,0.3880208333333333,1.0
141,3,T4,0.0,0.0,1.0,,389.0,0,0,0,0 isolated,,3.2701,158.0,0.4177215189873418,1.0
142,3,T4,0.0,0.0,1.0,,389.0,0,0,0,0 isolated,,2.4805,98.0,0.2755102040816326,1.0
143,0,unclassified_or_mixed,4.0,0.0,394.0,1.0,80.0,0,0,1,3+ branch,1 all neighbours foreign,23.0,29.0,0.5517241379310345,2.0
144,0,unclassified_or_mixed,4.0,0.0,394.0,1.0,80.0,0,0,1,3+ branch,1 all neighbours foreign,17.2,26.0,0.6153846153846154,2.0
145,4,T5,1.0,0.0,3.0,0.0,177.0,1,1,4,1 tip,0 no foreign neighbour,3.9798,269.0,0.42379182156133827,1.0
146,3,T4,0.0,0.0,1.0,,389.0,0,0,0,0 isolated,,3.1859,462.0,0.35064935064935066,2.0
147,2,T3,3.0,0.0,394.0,0.3333333333333333,156.0,1,1,1,3+ branch,mixed,10.4118,55.0,0.5272727272727272,1.0
148,3,T4,0.0,0.0,1.0,,389.0,0,0,0,0 isolated,,2.0,79.0,0.3291139240506329,2.0
149,4,T5,0.0,0.0,1.0,,177.0,1,1,0,0 isolated,,2.581,126.0,0.5158730158730159,1.0
150,5,T7,3.0,0.0,394.0,0.6666666666666666,163.0,1,1,1,3+ branch,mixed,9.4706,55.0,0.4909090909090909,1.0
151,3,T4,0.0,0.0,1.0,,389.0,0,0,0,0 isolated,,2.0,126.0,0.3968253968253968,2.0
152,4,T5,0.0,0.0,1.0,,177.0,1,1,0,0 isolated,,2.9975,833.0,0.43337334933973587,1.0
153,3,T4,0.0,0.0,1.0,,389.0,0,0,0,0 isolated,,2.4247,320.0,0.375,2.0
154,4,T5,0.0,0.0,1.0,,177.0,1,1,0,0 isolated,,1.75,109.0,0.3577981651376147,1.0
155,3,T4,0.0,0.0,1.0,,389.0,0,0,0,0 isolated,,2.0,102.0,0.37254901960784315,1.0
156,3,T4,2.0,0.0,5.0,0.0,389.0,0,0,4,2 path,0 no foreign neighbour,2.8772,78.0,0.3333333333333333,1.0
157,3,T4,0.0,0.0,1.0,,389.0,0,0,0,0 isolated,,2.4805,610.0,0.32131147540983607,2.0
158,4,T5,0.0,0.0,1.0,,177.0,1,1,0,0 isolated,,2.6591,813.0,0.45510455104551045,1.0
159,5,T7,2.0,0.0,394.0,1.0,163.0,1,1,3,2 path,1 all neighbours foreign,8.038,258.0,0.44573643410852715,1.0
160,5,T7,3.0,0.0,394.0,0.6666666666666666,163.0,1,1,1,3+ branch,mixed,10.8407,316.0,0.43354430379746833,1.0
161,3,T4,0.0,0.0,1.0,,389.0,0,0,0,0 isolated,,2.4904,698.0,0.34813753581661894,2.0
162,5,T7,2.0,0.0,394.0,0.5,163.0,1,0,3,2 path,mixed,9.4536,118.0,0.5338983050847458,1.0
163,3,T4,0.0,0.0,1.0,,389.0,0,0,0,0 isolated,,3.259,272.0,0.36764705882352944,2.0
164,5,T7,2.0,0.0,394.0,1.0,163.0,1,1,3,2 path,1 all neighbours foreign,9.8214,49.0,0.4489795918367347,1.0
165,2,T3,2.0,0.0,394.0,1.0,156.0,0,0,3,2 path,1 all neighbours foreign,12.4643,49.0,0.4489795918367347,1.0
166,2,T3,2.0,0.0,394.0,1.0,156.0,0,0,3,2 path,1 all neighbours foreign,6.3713,258.0,0.4844961240310077,1.0
167,2,T3,2.0,0.0,394.0,0.5,156.0,0,0,3,2 path,mixed,7.9897,118.0,0.5084745762711864,1.0
168,0,unclassified_or_mixed,2.0,0.0,4.0,1.0,80.0,1,1,4,2 path,1 all neighbours foreign,1.0,59.0,0.3728813559322034,1.0
169,3,T4,0.0,0.0,1.0,,389.0,0,0,0,0 isolated,,2.3323,355.0,0.4169014084507042,2.0
170,3,T4,0.0,0.0,1.0,,389.0,0,0,0,0 isolated,,2.0307,314.0,0.31528662420382164,2.0
171,0,unclassified_or_mixed,4.0,0.0,394.0,1.0,80.0,0,0,1,3+ branch,1 all neighbours foreign,19.6071,49.0,0.4897959183673469,2.0
172,3,T4,0.0,0.0,1.0,,389.0,0,0,0,0 isolated,,3.2276,144.0,0.3125,2.0
173,3,T4,0.0,0.0,1.0,,389.0,0,0,0,0 isolated,,1.6765,89.0,0.3146067415730337,1.0
174,3,T4,0.0,0.0,1.0,,389.0,0,0,0,0 isolated,,2.5856,354.0,0.3305084745762712,2.0
175,2,T3,2.0,0.0,394.0,1.0,156.0,0,0,3,2 path,1 all neighbours foreign,10.6331,190.0,0.5421052631578948,1.0
176,3,T4,2.0,0.0,4.0,0.0,389.0,0,0,4,2 path,0 no foreign neighbour,1.0,59.0,0.3728813559322034,1.0
177,5,T7,2.0,0.0,394.0,1.0,163.0,1,0,3,2 path,1 all neighbours foreign,3.551,70.0,0.42857142857142855,1.0
178,3,T4,0.0,0.0,1.0,,389.0,0,0,0,0 isolated,,3.3955,155.0,0.3741935483870968,1.0
179,2,T3,2.0,0.0,394.0,0.5,156.0,0,0,3,2 path,mixed,6.8571,70.0,0.45714285714285713,1.0
180,0,unclassified_or_mixed,4.0,0.0,394.0,1.0,80.0,0,0,1,3+ branch,1 all neighbours foreign,13.6364,32.0,0.5,2.0
181,1,T1,1.0,0.0,16.0,0.0,18.0,1,1,3,1 tip,0 no foreign neighbour,6.403,9599.0,0.43994166058964473,1.0
182,5,T7,4.0,0.0,394.0,0.5,163.0,1,1,1,3+ branch,mixed,10.3778,336.0,0.4732142857142857,1.0
183,5,T7,2.0,0.0,394.0,1.0,163.0,1,0,3,2 path,1 all neighbours foreign,6.4201,190.0,0.48947368421052634,1.0
184,3,T4,0.0,0.0,1.0,,389.0,0,0,0,0 isolated,,1.5926,102.0,0.4019607843137255,1.0
185,0,unclassified_or_mixed,4.0,0.0,394.0,1.0,80.0,1,1,3,3+ branch,1 all neighbours foreign,9.0,24.0,0.5416666666666666,2.0
186,3,T4,0.0,0.0,1.0,,389.0,0,0,0,0 isolated,,2.4537,129.0,0.3488372093023256,1.0
187,0,unclassified_or_mixed,4.0,0.0,394.0,1.0,80.0,0,0,1,3+ branch,1 all neighbours foreign,21.95,41.0,0.4146341463414634,2.0
188,4,T5,0.0,0.0,1.0,,177.0,1,1,0,0 isolated,,3.3581,775.0,0.3793548387096774,1.0
189,5,T7,2.0,0.0,394.0,0.5,163.0,1,1,3,2 path,mixed,10.9011,112.0,0.4732142857142857,1.0
190,2,T3,2.0,0.0,394.0,0.5,156.0,0,0,3,2 path,mixed,10.5824,112.0,0.4732142857142857,1.0
191,4,T5,0.0,0.0,1.0,,177.0,1,1,0,0 isolated,,4.2656,503.0,0.3797216699801193,1.0
192,3,T4,0.0,0.0,1.0,,389.0,0,0,0,0 isolated,,2.1893,861.0,0.3554006968641115,2.0
193,4,T5,0.0,0.0,1.0,,177.0,1,1,0,0 isolated,,1.9263,469.0,0.3752665245202559,1.0
194,3,T4,0.0,0.0,1.0,,389.0,0,0,0,0 isolated,,2.0,81.0,0.30864197530864196,2.0
195,3,T4,0.0,0.0,1.0,,389.0,0,0,0,0 isolated,,2.704,548.0,0.34854014598540145,2.0
196,3,T4,0.0,0.0,1.0,,389.0,0,0,0,0 isolated,,2.4252,148.0,0.32432432432432434,2.0
197,3,T4,0.0,0.0,1.0,,389.0,0,0,0,0 isolated,,2.959,265.0,0.3283018867924528,2.0
198,3,T4,0.0,0.0,1.0,,389.0,0,0,0,0 isolated,,2.5829,232.0,0.3448275862068966,2.0
199,3,T4,0.0,0.0,1.0,,389.0,0,0,0,0 isolated,,2.7865,110.0,0.38181818181818183,2.0
200,3,T4,2.0,0.0,14.0,0.0,389.0,0,0,4,2 path,0 no foreign neighbour,3.0,23.0,0.2608695652173913,2.0
201,0,unclassified_or_mixed,4.0,0.0,394.0,1.0,80.0,0,0,1,3+ branch,1 all neighbours foreign,18.6667,24.0,0.5833333333333334,2.0
202,2,T3,2.0,0.0,394.0,0.5,156.0,0,0,3,2 path,mixed,8.7906,341.0,0.533724340175953,1.0
203,4,T5,0.0,0.0,1.0,,177.0,1,1,0,0 isolated,,3.3249,572.0,0.3758741258741259,1.0
204,3,T4,0.0,0.0,1.0,,389.0,0,0,0,0 isolated,,2.5352,163.0,0.3803680981595092,1.0
205,2,T3,2.0,0.0,394.0,1.0,156.0,0,0,3,2 path,1 all neighbours foreign,8.1914,230.0,0.44782608695652176,1.0
206,5,T7,2.0,0.0,394.0,0.5,163.0,1,0,3,2 path,mixed,8.6236,810.0,0.45925925925925926,1.0
207,3,T4,0.0,0.0,1.0,,389.0,0,0,0,0 isolated,,3.0342,167.0,0.3413173652694611,1.0
208,5,T7,4.0,0.1666666716337204,394.0,0.25,163.0,1,1,5,3+ branch,mixed,7.1392,337.0,0.4688427299703264,1.0
209,3,T4,0.0,0.0,1.0,,389.0,0,0,0,0 isolated,,1.8399,302.0,0.271523178807947,2.0
210,4,T5,0.0,0.0,1.0,,177.0,1,1,0,0 isolated,,2.1495,235.0,0.49361702127659574,1.0
211,3,T4,0.0,0.0,1.0,,389.0,0,0,0,0 isolated,,2.8889,453.0,0.37527593818984545,2.0
212,5,T7,2.0,0.0,394.0,0.5,163.0,1,0,3,2 path,mixed,6.4238,231.0,0.45021645021645024,1.0
213,3,T4,0.0,0.0,1.0,,389.0,0,0,0,0 isolated,,2.6994,357.0,0.3165266106442577,2.0
214,3,T4,0.0,0.0,1.0,,389.0,0,0,0,0 isolated,,2.2712,316.0,0.3069620253164557,1.0
215,4,T5,0.0,0.0,1.0,,177.0,1,1,0,0 isolated,,3.4664,705.0,0.37446808510638296,1.0
216,5,T7,2.0,0.0,394.0,1.0,163.0,1,0,3,2 path,1 all neighbours foreign,7.4269,274.0,0.5474452554744526,1.0
217,3,T4,0.0,0.0,1.0,,389.0,0,0,0,0 isolated,,2.5143,126.0,0.3412698412698413,1.0
218,3,T4,0.0,0.0,1.0,,389.0,0,0,0,0 isolated,,2.7524,974.0,0.3203285420944558,2.0
219,4,T5,0.0,0.0,1.0,,177.0,1,1,0,0 isolated,,3.7815,172.0,0.3313953488372093,1.0
220,3,T4,0.0,0.0,1.0,,389.0,0,0,0,0 isolated,,2.2271,360.0,0.3055555555555556,2.0
221,2,T3,4.0,0.0,394.0,0.5,156.0,1,1,1,3+ branch,mixed,8.1986,167.0,0.46706586826347307,1.0
222,2,T3,2.0,0.0,394.0,1.0,156.0,0,0,3,2 path,1 all neighbours foreign,7.5692,274.0,0.5437956204379562,1.0
223,3,T4,0.0,0.0,1.0,,389.0,0,0,0,0 isolated,,1.8454,448.0,0.35267857142857145,2.0
224,3,T4,0.0,0.0,1.0,,389.0,0,0,0,0 isolated,,2.2762,126.0,0.3412698412698413,1.0
225,0,unclassified_or_mixed,4.0,0.0,394.0,1.0,80.0,0,0,1,3+ branch,1 all neighbours foreign,23.24,71.0,0.4788732394366197,2.0
226,3,T4,0.0,0.0,1.0,,389.0,0,0,0,0 isolated,,3.9107,245.0,0.3306122448979592,2.0
227,3,T4,0.0,0.0,1.0,,389.0,0,0,0,0 isolated,,2.8523,373.0,0.35924932975871315,2.0
228,3,T4,1.0,0.0,5.0,0.0,389.0,0,0,4,1 tip,0 no foreign neighbour,1.8422,490.0,0.3122448979591837,2.0
229,2,T3,4.0,0.0,394.0,0.5,156.0,1,1,1,3+ branch,mixed,16.9872,99.0,0.494949494949495,1.0
230,4,T5,0.0,0.0,1.0,,177.0,1,1,0,0 isolated,,3.1365,490.0,0.336734693877551,1.0
231,4,T5,0.0,0.0,1.0,,177.0,1,1,0,0 isolated,,3.6138,1510.0,0.3695364238410596,1.0
232,3,T4,0.0,0.0,1.0,,389.0,0,0,0,0 isolated,,2.0112,199.0,0.3969849246231156,1.0
233,5,T7,3.0,0.0,394.0,0.3333333333333333,163.0,1,1,1,3+ branch,mixed,9.0432,738.0,0.513550135501355,1.0
234,2,T3,2.0,0.0,394.0,0.5,156.0,0,0,3,2 path,mixed,9.7288,1238.0,0.5137318255250404,1.0
235,5,T7,4.0,0.0,394.0,0.5,163.0,1,1,1,3+ branch,mixed,14.1912,89.0,0.5056179775280899,1.0
236,3,T4,0.0,0.0,1.0,,389.0,0,0,0,0 isolated,,1.6986,94.0,0.3723404255319149,1.0
237,5,T7,2.0,0.0,394.0,1.0,163.0,1,0,3,2 path,1 all neighbours foreign,6.8837,64.0,0.59375,1.0
238,0,unclassified_or_mixed,4.0,0.0,394.0,1.0,80.0,0,0,1,3+ branch,1 all neighbours foreign,14.4167,33.0,0.48484848484848486,2.0
239,5,T7,2.0,0.0,394.0,1.0,163.0,1,1,3,2 path,1 all neighbours foreign,7.4171,196.0,0.4489795918367347,1.0
240,3,T4,0.0,0.0,1.0,,389.0,0,0,0,0 isolated,,2.0,87.0,0.367816091954023,1.0
241,3,T4,0.0,0.0,1.0,,389.0,0,0,0,0 isolated,,2.507,236.0,0.3516949152542373,2.0
242,3,T4,2.0,0.0,4.0,0.5,389.0,0,0,4,2 path,mixed,2.0,41.0,0.3170731707317073,2.0
243,1,T1,1.0,0.0,16.0,0.0,18.0,1,1,2,1 tip,0 no foreign neighbour,8.1628,322.0,0.4968944099378882,1.0
244,2,T3,2.0,0.0,394.0,0.5,156.0,0,0,3,2 path,mixed,9.8605,64.0,0.546875,1.0
245,5,T7,4.0,0.0,394.0,0.5,163.0,1,1,1,3+ branch,mixed,16.3404,68.0,0.45588235294117646,1.0
246,2,T3,2.0,0.0,394.0,1.0,156.0,0,0,3,2 path,1 all neighbours foreign,9.7029,196.0,0.49489795918367346,1.0
247,3,T4,0.0,0.0,1.0,,389.0,0,0,0,0 isolated,,2.8381,126.0,0.35714285714285715,1.0
248,3,T4,0.0,0.0,1.0,,389.0,0,0,0,0 isolated,,2.7229,353.0,0.34277620396600567,2.0
249,3,T4,3.0,0.0,14.0,0.0,389.0,1,1,3,3+ branch,0 no foreign neighbour,5.0,22.0,0.3181818181818182,2.0
250,3,T4,0.0,0.0,1.0,,389.0,0,0,0,0 isolated,,2.0221,202.0,0.3465346534653465,1.0
251,5,T7,4.0,0.0,394.0,0.5,163.0,1,1,1,3+ branch,mixed,15.36,171.0,0.4502923976608187,1.0
252,3,T4,0.0,0.0,1.0,,389.0,0,0,0,0 isolated,,2.3048,126.0,0.35714285714285715,1.0
253,4,T5,0.0,0.0,1.0,,177.0,1,1,0,0 isolated,,2.3529,174.0,0.42528735632183906,1.0
254,2,T3,4.0,0.0,394.0,0.5,156.0,1,1,1,3+ branch,mixed,11.2195,62.0,0.5483870967741935,1.0
255,5,T7,2.0,0.0,394.0,0.5,163.0,1,0,4,2 path,mixed,8.3721,64.0,0.578125,1.0
256,3,T4,0.0,0.0,1.0,,389.0,0,0,0,0 isolated,,2.0846,1120.0,0.3651785714285714,2.0
257,0,unclassified_or_mixed,2.0,0.0,4.0,1.0,80.0,1,1,4,2 path,1 all neighbours foreign,1.0,51.0,0.27450980392156865,1.0
258,0,unclassified_or_mixed,2.0,0.0,4.0,1.0,80.0,1,1,4,2 path,1 all neighbours foreign,1.0,51.0,0.3333333333333333,1.0
259,4,T5,0.0,0.0,1.0,,177.0,1,1,0,0 isolated,,4.3878,431.0,0.3642691415313225,1.0
260,2,T3,3.0,0.0,394.0,0.6666666666666666,156.0,1,1,1,3+ branch,mixed,8.2726,1074.0,0.4962756052141527,1.0
261,2,T3,3.0,0.0,394.0,0.6666666666666666,156.0,1,1,1,3+ branch,mixed,5.2727,43.0,0.4883720930232558,1.0
262,5,T7,3.0,0.0,394.0,0.6666666666666666,163.0,1,1,1,3+ branch,mixed,8.0909,43.0,0.46511627906976744,1.0
263,3,T4,0.0,0.0,1.0,,389.0,0,0,0,0 isolated,,2.3487,173.0,0.3699421965317919,1.0
264,2,T3,4.0,0.0,394.0,0.5,156.0,1,1,1,3+ branch,mixed,15.052,271.0,0.46494464944649444,0.0
265,1,T1,4.0,0.5,16.0,0.0,18.0,0,0,5,3+ branch,0 no foreign neighbour,6.4957,2095.0,0.46014319809069215,1.0
266,3,T4,0.0,0.0,1.0,,389.0,0,0,0,0 isolated,,2.0,73.0,0.3561643835616438,2.0
267,4,T5,0.0,0.0,1.0,,177.0,1,1,0,0 isolated,,3.885,473.0,0.3699788583509514,1.0
268,2,T3,2.0,0.0,394.0,1.0,156.0,0,0,3,2 path,1 all neighbours foreign,6.1628,64.0,0.53125,1.0
269,5,T7,4.0,0.0,394.0,0.5,163.0,1,1,1,3+ branch,mixed,13.25,77.0,0.4935064935064935,1.0
270,4,T5,0.0,0.0,1.0,,177.0,1,1,0,0 isolated,,2.77,321.0,0.35514018691588783,1.0
271,3,T4,1.0,0.0,14.0,0.0,389.0,0,0,4,1 tip,0 no foreign neighbour,2.0339,434.0,0.37557603686635943,2.0
272,3,T4,0.0,0.0,1.0,,389.0,0,0,0,0 isolated,,2.2994,188.0,0.324468085106383,1.0
273,3,T4,1.0,0.0,14.0,0.0,389.0,0,0,2,1 tip,0 no foreign neighbour,2.402,123.0,0.3252032520325203,1.0
274,3,T4,0.0,0.0,1.0,,389.0,0,0,0,0 isolated,,1.419,126.0,0.38095238095238093,1.0
275,4,T5,0.0,0.0,1.0,,177.0,1,1,0,0 isolated,,2.0,99.0,0.30303030303030304,1.0
276,0,unclassified_or_mixed,4.0,0.0,394.0,1.0,80.0,0,0,1,3+ branch,1 all neighbours foreign,13.0,23.0,0.4782608695652174,2.0
277,4,T5,0.0,0.0,1.0,,177.0,1,1,0,0 isolated,,3.5207,311.0,0.36977491961414793,1.0
278,3,T4,0.0,0.0,1.0,,389.0,0,0,0,0 isolated,,1.981,126.0,0.47619047619047616,1.0
279,2,T3,4.0,0.0,394.0,0.5,156.0,1,1,1,3+ branch,mixed,9.7081,182.0,0.521978021978022,0.0
280,2,T3,2.0,0.0,394.0,1.0,156.0,0,0,3,2 path,1 all neighbours foreign,4.8816,97.0,0.5257731958762887,0.0
281,5,T7,2.0,0.0,394.0,1.0,163.0,1,0,3,2 path,1 all neighbours foreign,7.5132,97.0,0.5154639175257731,1.0
282,4,T5,0.0,0.0,1.0,,177.0,1,1,0,0 isolated,,3.9536,215.0,0.4883720930232558,1.0
283,4,T5,0.0,0.0,1.0,,177.0,1,1,0,0 isolated,,3.2978,602.0,0.3687707641196013,1.0
284,2,T3,2.0,0.0,394.0,1.0,156.0,0,0,3,2 path,1 all neighbours foreign,8.0533,96.0,0.46875,1.0
285,5,T7,1.0,0.0,394.0,1.0,163.0,1,1,4,1 tip,1 all neighbours foreign,4.2526,116.0,0.4224137931034483,1.0
286,5,T7,4.0,0.0,394.0,0.5,163.0,1,1,1,3+ branch,mixed,15.8457,183.0,0.47540983606557374,1.0
287,2,T3,3.0,0.0,394.0,0.3333333333333333,156.0,1,1,1,3+ branch,mixed,9.5308,313.0,0.4696485623003195,1.0
288,5,T7,2.0,0.0,394.0,1.0,163.0,1,0,3,2 path,1 all neighbours foreign,6.72,96.0,0.4479166666666667,1.0
289,5,T7,4.0,0.0,394.0,0.5,163.0,1,1,1,3+ branch,mixed,14.2167,201.0,0.5124378109452736,1.0
290,4,T5,0.0,0.0,1.0,,177.0,1,1,0,0 isolated,,1.9429,126.0,0.35714285714285715,1.0
291,3,T4,0.0,0.0,1.0,,389.0,0,0,0,0 isolated,,3.0502,698.0,0.37822349570200575,2.0
292,3,T4,0.0,0.0,1.0,,389.0,0,0,0,0 isolated,,2.0,78.0,0.3333333333333333,1.0
293,3,T4,0.0,0.0,1.0,,389.0,0,0,0,0 isolated,,1.9048,126.0,0.40476190476190477,1.0
294,4,T5,0.0,0.0,1.0,,177.0,1,1,0,0 isolated,,2.9972,1077.0,0.372330547818013,1.0
295,3,T4,0.0,0.0,1.0,,389.0,0,0,0,0 isolated,,2.0,70.0,0.42857142857142855,1.0
296,3,T4,0.0,0.0,1.0,,389.0,0,0,0,0 isolated,,2.7185,323.0,0.3560371517027864,2.0
297,0,unclassified_or_mixed,4.0,0.0,394.0,1.0,80.0,0,0,1,3+ branch,1 all neighbours foreign,13.625,29.0,0.3793103448275862,2.0
298,4,T5,0.0,0.0,1.0,,177.0,1,1,0,0 isolated,,1.9152,304.0,0.3881578947368421,1.0
299,2,T3,2.0,0.0,394.0,1.0,156.0,0,0,3,2 path,1 all neighbours foreign,7.6699,124.0,0.5161290322580645,1.0
300,1,T1,2.0,0.0,16.0,0.0,18.0,1,1,3,2 path,0 no foreign neighbour,5.8824,38.0,0.5,1.0
301,5,T7,2.0,0.0,394.0,1.0,163.0,1,0,3,2 path,1 all neighbours foreign,12.9126,124.0,0.5080645161290323,0.0
302,3,T4,0.0,0.0,1.0,,389.0,0,0,0,0 isolated,,3.4105,250.0,0.32,2.0
303,0,unclassified_or_mixed,4.0,0.0,394.0,1.0,80.0,0,0,1,3+ branch,1 all neighbours foreign,16.0,29.0,0.5172413793103449,2.0
304,3,T4,0.0,0.0,1.0,,389.0,0,0,0,0 isolated,,2.8244,152.0,0.375,2.0
305,3,T4,0.0,0.0,1.0,,389.0,0,0,0,0 isolated,,2.4647,488.0,0.3668032786885246,2.0
306,3,T4,0.0,0.0,1.0,,389.0,0,0,0,0 isolated,,1.6637,363.0,0.2837465564738292,1.0
307,3,T4,0.0,0.0,1.0,,389.0,0,0,0,0 isolated,,2.4275,1132.0,0.3551236749116608,2.0
308,3,T4,0.0,0.0,1.0,,389.0,0,0,0,0 isolated,,2.7677,176.0,0.3352272727272727,2.0
309,4,T5,0.0,0.0,1.0,,177.0,1,1,0,0 isolated,,2.0,125.0,0.44,1.0
310,4,T5,0.0,0.0,1.0,,177.0,1,1,0,0 isolated,,2.1016,592.0,0.375,1.0
311,3,T4,0.0,0.0,1.0,,389.0,0,0,0,0 isolated,,2.2109,628.0,0.32643312101910826,2.0
312,2,T3,2.0,0.0,394.0,1.0,156.0,0,0,3,2 path,1 all neighbours foreign,10.2778,93.0,0.3333333333333333,1.0
313,5,T7,2.0,0.0,394.0,1.0,163.0,1,0,4,2 path,1 all neighbours foreign,14.5143,91.0,0.3956043956043956,1.0
314,3,T4,0.0,0.0,1.0,,389.0,0,0,0,0 isolated,,2.5524,126.0,0.30158730158730157,1.0
315,5,T7,4.0,0.0,4.0,0.0,163.0,1,0,3,3+ branch,0 no foreign neighbour,6.0,23.0,0.391304347826087,1.0
316,3,T4,1.0,0.0,5.0,0.0,389.0,0,0,4,1 tip,0 no foreign neighbour,2.0962,73.0,0.3150684931506849,1.0
317,4,T5,0.0,0.0,1.0,,177.0,1,1,0,0 isolated,,3.5156,1047.0,0.3600764087870105,1.0
318,3,T4,0.0,0.0,1.0,,389.0,0,0,0,0 isolated,,4.2315,224.0,0.4330357142857143,2.0
319,3,T4,0.0,0.0,1.0,,389.0,0,0,0,0 isolated,,2.3083,1565.0,0.3488817891373802,2.0
320,3,T4,0.0,0.0,1.0,,389.0,0,0,0,0 isolated,,2.8567,607.0,0.3805601317957166,2.0
321,3,T4,0.0,0.0,1.0,,389.0,0,0,0,0 isolated,,1.8967,476.0,0.3550420168067227,2.0
322,0,unclassified_or_mixed,4.0,0.0,394.0,1.0,80.0,0,0,1,3+ branch,1 all neighbours foreign,13.5385,34.0,0.47058823529411764,2.0
323,4,T5,0.0,0.0,1.0,,177.0,1,1,0,0 isolated,,3.7353,1566.0,0.37484035759897827,1.0
324,3,T4,2.0,0.0,4.0,0.5,389.0,0,0,4,2 path,mixed,1.8657,88.0,0.3977272727272727,1.0
325,0,unclassified_or_mixed,4.0,0.0,394.0,1.0,80.0,0,0,1,3+ branch,1 all neighbours foreign,14.0,23.0,0.5217391304347826,2.0
326,4,T5,0.0,0.0,1.0,,177.0,1,1,0,0 isolated,,3.0592,832.0,0.3713942307692308,1.0
327,2,T3,4.0,0.0,394.0,0.5,156.0,1,1,1,3+ branch,mixed,15.3761,348.0,0.5258620689655172,2.0
328,3,T4,0.0,0.0,1.0,,389.0,0,0,0,0 isolated,,2.3986,164.0,0.3353658536585366,1.0
329,3,T4,0.0,0.0,1.0,,389.0,0,0,0,0 isolated,,2.5524,126.0,0.3253968253968254,1.0
330,0,unclassified_or_mixed,4.0,0.0,394.0,1.0,80.0,0,0,1,3+ branch,1 all neighbours foreign,22.7059,38.0,0.5526315789473685,2.0
331,3,T4,0.0,0.0,1.0,,389.0,0,0,0,0 isolated,,2.7115,430.0,0.3395348837209302,2.0
332,1,T1,2.0,0.0,16.0,0.0,18.0,1,1,1,2 path,0 no foreign neighbour,6.8265,2857.0,0.4690234511725586,1.0
333,5,T7,2.0,0.0,394.0,0.5,163.0,1,0,3,2 path,mixed,4.1667,69.0,0.43478260869565216,1.0
334,4,T5,0.0,0.0,1.0,,177.0,1,1,0,0 isolated,,2.0,116.0,0.3275862068965517,1.0
335,2,T3,2.0,0.0,394.0,0.5,156.0,0,0,3,2 path,mixed,7.5417,69.0,0.43478260869565216,1.0
336,4,T5,0.0,0.0,1.0,,177.0,1,1,0,0 isolated,,2.88,496.0,0.39919354838709675,1.0
337,2,T3,2.0,0.0,394.0,1.0,156.0,0,0,3,2 path,1 all neighbours foreign,11.0499,502.0,0.5358565737051793,1.0
338,3,T4,0.0,0.0,1.0,,389.0,0,0,0,0 isolated,,2.0,92.0,0.40217391304347827,1.0
339,2,T3,2.0,0.0,394.0,1.0,156.0,0,0,3,2 path,1 all neighbours foreign,11.6154,99.0,0.5252525252525253,1.0
340,3,T4,0.0,0.0,1.0,,389.0,0,0,0,0 isolated,,2.9091,153.0,0.40522875816993464,2.0
341,4,T5,4.0,0.0,5.0,0.0,177.0,1,1,3,3+ branch,0 no foreign neighbour,5.0,27.0,0.1111111111111111,1.0
342,5,T7,2.0,0.0,394.0,1.0,163.0,1,1,4,2 path,1 all neighbours foreign,15.6923,99.0,0.45454545454545453,1.0
343,3,T4,0.0,0.0,1.0,,389.0,0,0,0,0 isolated,,2.0129,176.0,0.4431818181818182,1.0
344,3,T4,0.0,0.0,1.0,,389.0,0,0,0,0 isolated,,2.4646,148.0,0.39864864864864863,2.0
345,3,T4,0.0,0.0,1.0,,389.0,0,0,0,0 isolated,,2.9864,168.0,0.40476190476190477,2.0
346,0,unclassified_or_mixed,4.0,0.0,394.0,1.0,80.0,0,0,1,3+ branch,1 all neighbours foreign,16.5,23.0,0.6086956521739131,2.0
347,5,T7,3.0,0.0,394.0,0.6666666666666666,163.0,1,1,1,3+ branch,mixed,8.4118,55.0,0.5636363636363636,1.0
348,5,T7,1.0,0.0,4.0,0.0,163.0,1,1,3,1 tip,0 no foreign neighbour,3.2901,183.0,0.3005464480874317,1.0
349,2,T3,3.0,0.0,394.0,0.6666666666666666,156.0,1,1,1,3+ branch,mixed,10.7941,55.0,0.5454545454545454,1.0
350,3,T4,0.0,0.0,1.0,,389.0,0,0,0,0 isolated,,2.5096,439.0,0.39863325740318906,2.0
351,3,T4,0.0,0.0,1.0,,389.0,0,0,0,0 isolated,,2.641,138.0,0.2971014492753623,2.0
352,3,T4,0.0,0.0,1.0,,389.0,0,0,0,0 isolated,,2.4076,335.0,0.33432835820895523,1.0
353,3,T4,0.0,0.0,1.0,,389.0,0,0,0,0 isolated,,2.7816,195.0,0.4153846153846154,1.0
354,3,T4,0.0,0.0,1.0,,389.0,0,0,0,0 isolated,,2.6286,126.0,0.46825396825396826,1.0
355,3,T4,0.0,0.0,1.0,,389.0,0,0,0,0 isolated,,2.0,126.0,0.31746031746031744,1.0
356,4,T5,0.0,0.0,1.0,,177.0,1,1,0,0 isolated,,1.7105,97.0,0.31958762886597936,1.0
357,4,T5,0.0,0.0,1.0,,177.0,1,1,0,0 isolated,,3.0507,317.0,0.48264984227129337,1.0
358,3,T4,0.0,0.0,1.0,,389.0,0,0,0,0 isolated,,3.1272,304.0,0.3651315789473684,2.0
359,5,T7,5.0,0.20000000298023224,394.0,0.0,163.0,1,1,5,3+ branch,0 no foreign neighbour,16.25,25.0,0.4,1.0
360,3,T4,1.0,0.0,3.0,0.0,389.0,0,0,4,1 tip,0 no foreign neighbour,2.7447,162.0,0.4444444444444444,1.0
361,5,T7,2.0,0.0,394.0,1.0,163.0,1,1,3,2 path,1 all neighbours foreign,7.684,502.0,0.5258964143426295,1.0
362,4,T5,0.0,0.0,1.0,,177.0,1,1,0,0 isolated,,3.7445,338.0,0.4467455621301775,1.0
363,3,T4,0.0,0.0,1.0,,389.0,0,0,0,0 isolated,,2.231,298.0,0.3053691275167785,2.0
364,3,T4,0.0,0.0,1.0,,389.0,0,0,0,0 isolated,,3.5059,442.0,0.2828054298642534,2.0
365,3,T4,1.0,0.0,14.0,0.0,389.0,0,0,4,1 tip,0 no foreign neighbour,1.9348,113.0,0.3008849557522124,1.0
366,4,T5,1.0,0.0,5.0,0.0,177.0,1,1,2,1 tip,0 no foreign neighbour,3.5106,115.0,0.3739130434782609,1.0
367,3,T4,0.0,0.0,1.0,,389.0,0,0,0,0 isolated,,3.3407,294.0,0.35374149659863946,2.0
368,3,T4,0.0,0.0,1.0,,389.0,0,0,0,0 isolated,,3.2752,279.0,0.32616487455197135,2.0
369,4,T5,0.0,0.0,1.0,,177.0,1,1,0,0 isolated,,3.7913,1027.0,0.4352482960077897,1.0
370,3,T4,0.0,0.0,1.0,,389.0,0,0,0,0 isolated,,2.0,67.0,0.40298507462686567,1.0
371,4,T5,0.0,0.0,1.0,,177.0,1,1,0,0 isolated,,2.0,116.0,0.35344827586206895,1.0
372,3,T4,0.0,0.0,1.0,,389.0,0,0,0,0 isolated,,2.6286,126.0,0.3333333333333333,1.0
373,3,T4,0.0,0.0,1.0,,389.0,0,0,0,0 isolated,,2.3667,471.0,0.37791932059447986,2.0
374,2,T3,3.0,0.0,394.0,0.3333333333333333,156.0,1,1,1,3+ branch,mixed,10.0,43.0,0.5813953488372093,1.0
375,3,T4,0.0,0.0,1.0,,389.0,0,0,0,0 isolated,,2.5147,328.0,0.36585365853658536,2.0
376,4,T5,0.0,0.0,1.0,,177.0,1,1,0,0 isolated,,2.2644,229.0,0.42358078602620086,1.0
377,5,T7,2.0,0.0,394.0,0.5,163.0,1,0,3,2 path,mixed,7.7913,136.0,0.4632352941176471,0.0
378,1,T1,4.0,0.8333333134651184,16.0,0.0,18.0,0,0,5,3+ branch,0 no foreign neighbour,6.8092,1688.0,0.4431279620853081,1.0
379,5,T7,3.0,0.0,394.0,0.6666666666666666,163.0,1,1,1,3+ branch,mixed,7.3182,43.0,0.5581395348837209,1.0
380,2,T3,2.0,0.0,394.0,1.0,156.0,0,0,3,2 path,1 all neighbours foreign,8.2174,136.0,0.4485294117647059,0.0
381,4,T5,0.0,0.0,1.0,,177.0,1,1,0,0 isolated,,2.3284,362.0,0.4171270718232044,1.0
382,3,T4,0.0,0.0,1.0,,389.0,0,0,0,0 isolated,,2.6952,126.0,0.3253968253968254,1.0
383,4,T5,0.0,0.0,1.0,,177.0,1,1,0,0 isolated,,3.2774,879.0,0.47440273037542663,1.0
384,2,T3,2.0,0.0,394.0,1.0,156.0,0,0,3,2 path,1 all neighbours foreign,7.6109,1031.0,0.5324927255092143,1.0
385,3,T4,0.0,0.0,1.0,,389.0,0,0,0,0 isolated,,2.5991,243.0,0.36213991769547327,2.0
386,3,T4,0.0,0.0,1.0,,389.0,0,0,0,0 isolated,,1.7929,359.0,0.3008356545961003,2.0
387,4,T5,4.0,0.0,5.0,0.0,177.0,1,1,3,3+ branch,0 no foreign neighbour,7.3333,30.0,0.1,1.0
388,4,T5,0.0,0.0,1.0,,177.0,1,1,0,0 isolated,,3.0155,1056.0,0.39109848484848486,1.0
389,3,T4,0.0,0.0,1.0,,389.0,0,0,0,0 isolated,,3.7445,158.0,0.379746835443038,2.0
390,3,T4,0.0,0.0,1.0,,389.0,0,0,0,0 isolated,,3.2059,157.0,0.39490445859872614,2.0
391,3,T4,0.0,0.0,1.0,,389.0,0,0,0,0 isolated,,2.0,85.0,0.4823529411764706,1.0
392,3,T4,4.0,0.0,5.0,0.0,389.0,1,1,3,3+ branch,0 no foreign neighbour,5.0,27.0,0.3333333333333333,2.0
393,5,T7,3.0,0.0,394.0,0.3333333333333333,163.0,1,1,1,3+ branch,mixed,9.1351,58.0,0.4827586206896552,1.0
394,2,T3,3.0,0.0,394.0,0.6666666666666666,156.0,1,1,1,3+ branch,mixed,5.3243,58.0,0.5,1.0
395,3,T4,0.0,0.0,1.0,,389.0,0,0,0,0 isolated,,2.2802,228.0,0.32894736842105265,2.0
396,5,T7,2.0,0.0,394.0,1.0,163.0,1,0,3,2 path,1 all neighbours foreign,6.331,163.0,0.49079754601226994,1.0
397,3,T4,0.0,0.0,1.0,,389.0,0,0,0,0 isolated,,2.5533,171.0,0.27485380116959063,2.0
398,0,unclassified_or_mixed,4.0,0.0,394.0,1.0,80.0,0,0,1,3+ branch,1 all neighbours foreign,19.0,23.0,0.34782608695652173,2.0
399,3,T4,0.0,0.0,1.0,,389.0,0,0,0,0 isolated,,3.588,237.0,0.32489451476793246,2.0
400,3,T4,1.0,0.0,5.0,0.0,389.0,0,0,2,1 tip,0 no foreign neighbour,2.6383,115.0,0.3739130434782609,1.0
401,3,T4,0.0,0.0,1.0,,389.0,0,0,0,0 isolated,,2.4561,556.0,0.3327338129496403,2.0
402,3,T4,2.0,0.0,5.0,0.0,389.0,0,0,4,2 path,0 no foreign neighbour,2.6771,371.0,0.3557951482479784,2.0
403,2,T3,2.0,0.0,394.0,1.0,156.0,0,0,3,2 path,1 all neighbours foreign,10.6268,163.0,0.5030674846625767,1.0
404,3,T4,2.0,0.0,4.0,0.5,389.0,0,0,4,2 path,mixed,2.0,65.0,0.4153846153846154,2.0
405,1,T1,4.0,0.8333333134651184,16.0,0.0,18.0,0,0,5,3+ branch,0 no foreign neighbour,7.0731,541.0,0.4565619223659889,1.0
406,4,T5,0.0,0.0,1.0,,177.0,1,1,0,0 isolated,,2.9831,139.0,0.4748201438848921,1.0
407,3,T4,0.0,0.0,1.0,,389.0,0,0,0,0 isolated,,1.7349,104.0,0.375,1.0
408,3,T4,0.0,0.0,1.0,,389.0,0,0,0,0 isolated,,4.1228,526.0,0.33269961977186313,2.0
409,3,T4,0.0,0.0,1.0,,389.0,0,0,0,0 isolated,,2.0,79.0,0.4177215189873418,2.0
410,4,T5,0.0,0.0,1.0,,177.0,1,1,0,0 isolated,,2.1735,534.0,0.34831460674157305,1.0
411,1,T1,2.0,0.0,16.0,0.0,18.0,1,1,3,2 path,0 no foreign neighbour,5.7117,2199.0,0.47430650295588905,1.0
412,3,T4,0.0,0.0,1.0,,389.0,0,0,0,0 isolated,,3.0867,644.0,0.36180124223602483,2.0
413,4,T5,0.0,0.0,1.0,,177.0,1,1,0,0 isolated,,2.8715,270.0,0.34814814814814815,1.0
414,4,T5,0.0,0.0,1.0,,177.0,1,1,0,0 isolated,,3.3981,345.0,0.37971014492753624,1.0
415,3,T4,1.0,0.0,14.0,0.0,389.0,0,0,4,1 tip,0 no foreign neighbour,2.0615,86.0,0.32558139534883723,1.0
416,0,unclassified_or_mixed,4.0,0.0,394.0,1.0,80.0,0,0,1,3+ branch,1 all neighbours foreign,16.0,23.0,0.4782608695652174,2.0
417,3,T4,0.0,0.0,1.0,,389.0,0,0,0,0 isolated,,3.381,126.0,0.25396825396825395,1.0
418,5,T7,2.0,0.0,394.0,1.0,163.0,1,0,3,2 path,1 all neighbours foreign,7.6703,112.0,0.48214285714285715,1.0
419,3,T4,0.0,0.0,1.0,,389.0,0,0,0,0 isolated,,2.4332,358.0,0.33798882681564246,2.0
420,2,T3,2.0,0.0,394.0,0.5,156.0,0,0,3,2 path,mixed,7.8462,112.0,0.4642857142857143,1.0
421,3,T4,0.0,0.0,1.0,,389.0,0,0,0,0 isolated,,3.4788,280.0,0.3892857142857143,2.0
422,3,T4,0.0,0.0,1.0,,389.0,0,0,0,0 isolated,,2.8232,1186.0,0.3102866779089376,2.0
423,2,T3,3.0,0.0,394.0,0.6666666666666666,156.0,1,1,1,3+ branch,mixed,7.2051,60.0,0.5,1.0
424,5,T7,2.0,0.0,394.0,1.0,163.0,1,1,3,2 path,1 all neighbours foreign,8.6906,758.0,0.5448548812664907,1.0
425,5,T7,3.0,0.0,394.0,0.3333333333333333,163.0,1,1,1,3+ branch,mixed,10.8718,60.0,0.48333333333333334,1.0
426,5,T7,2.0,0.0,394.0,1.0,163.0,1,0,3,2 path,1 all neighbours foreign,5.8382,157.0,0.49044585987261147,0.0
427,5,T7,4.0,0.0,394.0,0.5,163.0,1,1,1,3+ branch,mixed,11.9813,128.0,0.4765625,0.0
428,3,T4,0.0,0.0,1.0,,389.0,0,0,0,0 isolated,,2.6898,208.0,0.3557692307692308,2.0
429,5,T7,2.0,0.0,394.0,0.5,163.0,1,1,3,2 path,mixed,10.1024,187.0,0.47593582887700536,1.0
430,4,T5,0.0,0.0,1.0,,177.0,1,1,0,0 isolated,,2.4274,138.0,0.4492753623188406,1.0
431,2,T3,2.0,0.0,394.0,0.5,156.0,0,0,3,2 path,mixed,6.2132,157.0,0.5222929936305732,1.0
432,4,T5,0.0,0.0,1.0,,177.0,1,1,0,0 isolated,,2.0,92.0,0.34782608695652173,1.0
433,3,T4,0.0,0.0,1.0,,389.0,0,0,0,0 isolated,,2.6814,247.0,0.32388663967611336,2.0
434,4,T5,2.0,0.0,4.0,0.5,177.0,1,1,4,2 path,mixed,4.6934,370.0,0.44324324324324327,1.0
435,2,T3,2.0,0.0,394.0,1.0,156.0,0,0,3,2 path,1 all neighbours foreign,6.0652,67.0,0.582089552238806,1.0
436,5,T7,2.0,0.0,394.0,1.0,163.0,1,0,3,2 path,1 all neighbours foreign,6.8696,67.0,0.5373134328358209,1.0
437,3,T4,0.0,0.0,1.0,,389.0,0,0,0,0 isolated,,4.0958,282.0,0.3404255319148936,2.0
438,3,T4,0.0,0.0,1.0,,389.0,0,0,0,0 isolated,,3.2105,154.0,0.38961038961038963,2.0
439,3,T4,0.0,0.0,1.0,,389.0,0,0,0,0 isolated,,2.5619,126.0,0.29365079365079366,1.0
440,4,T5,0.0,0.0,1.0,,177.0,1,1,0,0 isolated,,3.1783,1221.0,0.3939393939393939,1.0
441,4,T5,0.0,0.0,1.0,,177.0,1,1,0,0 isolated,,2.8592,369.0,0.4146341463414634,1.0
442,2,T3,2.0,0.0,394.0,1.0,156.0,0,0,3,2 path,1 all neighbours foreign,6.8735,187.0,0.49732620320855614,1.0
443,5,T7,2.0,0.0,394.0,1.0,163.0,1,0,3,2 path,1 all neighbours foreign,6.7,51.0,0.6078431372549019,1.0
444,2,T3,2.0,0.0,394.0,0.0,156.0,0,0,3,2 path,0 no foreign neighbour,10.7333,51.0,0.5686274509803921,1.0
445,0,unclassified_or_mixed,4.0,0.0,394.0,1.0,80.0,0,0,1,3+ branch,1 all neighbours foreign,20.4286,28.0,0.5,2.0
446,4,T5,0.0,0.0,1.0,,177.0,1,1,0,0 isolated,,2.6,126.0,0.31746031746031744,1.0
447,2,T3,4.0,0.0,394.0,0.5,156.0,1,1,1,3+ branch,mixed,11.743,344.0,0.5058139534883721,1.0
448,3,T4,0.0,0.0,1.0,,389.0,0,0,0,0 isolated,,2.0,87.0,0.41379310344827586,1.0
449,3,T4,0.0,0.0,1.0,,389.0,0,0,0,0 isolated,,3.1373,509.0,0.31237721021611004,2.0
450,3,T4,0.0,0.0,1.0,,389.0,0,0,0,0 isolated,,1.9931,454.0,0.35462555066079293,2.0
451,4,T5,0.0,0.0,1.0,,177.0,1,1,0,0 isolated,,2.4871,1411.0,0.39900779588944013,1.0
452,3,T4,0.0,0.0,1.0,,389.0,0,0,0,0 isolated,,2.6111,165.0,0.3939393939393939,2.0
453,3,T4,0.0,0.0,1.0,,389.0,0,0,0,0 isolated,,2.1678,170.0,0.28823529411764703,1.0
454,3,T4,0.0,0.0,1.0,,389.0,0,0,0,0 isolated,,3.5957,251.0,0.3466135458167331,2.0
455,2,T3,2.0,0.0,394.0,1.0,156.0,0,0,3,2 path,1 all neighbours foreign,8.2069,79.0,0.4430379746835443,1.0
456,0,unclassified_or_mixed,4.0,0.0,394.0,1.0,80.0,0,0,1,3+ branch,1 all neighbours foreign,18.2,36.0,0.4166666666666667,2.0
457,3,T4,0.0,0.0,1.0,,389.0,0,0,0,0 isolated,,2.0704,490.0,0.373469387755102,2.0
458,4,T5,0.0,0.0,1.0,,177.0,1,1,0,0 isolated,,3.4046,634.0,0.34069400630914826,1.0
459,5,T7,2.0,0.0,394.0,0.0,163.0,1,0,3,2 path,0 no foreign neighbour,7.069,79.0,0.46835443037974683,0.0
460,5,T7,4.0,0.0,394.0,0.5,163.0,1,1,1,3+ branch,mixed,14.7424,153.0,0.45751633986928103,1.0
461,5,T7,3.0,0.6666666865348816,394.0,0.0,163.0,1,1,5,3+ branch,0 no foreign neighbour,8.3077,138.0,0.4420289855072464,1.0
462,3,T4,0.0,0.0,1.0,,389.0,0,0,0,0 isolated,,2.0857,126.0,0.4126984126984127,1.0
463,5,T7,3.0,0.0,394.0,0.6666666666666666,163.0,1,1,1,3+ branch,mixed,8.5,43.0,0.5116279069767442,1.0
464,3,T4,0.0,0.0,1.0,,389.0,0,0,0,0 isolated,,3.2092,389.0,0.37789203084832906,2.0
465,2,T3,3.0,0.0,394.0,0.6666666666666666,156.0,1,1,1,3+ branch,mixed,3.8636,43.0,0.5116279069767442,1.0
466,0,unclassified_or_mixed,4.0,0.0,394.0,1.0,80.0,0,0,1,3+ branch,1 all neighbours foreign,16.0,23.0,0.5217391304347826,2.0
467,4,T5,0.0,0.0,1.0,,177.0,1,1,0,0 isolated,,2.1857,328.0,0.3445121951219512,1.0
468,3,T4,0.0,0.0,1.0,,389.0,0,0,0,0 isolated,,2.4856,1028.0,0.3122568093385214,2.0
469,4,T5,0.0,0.0,1.0,,177.0,1,1,0,0 isolated,,2.1433,377.0,0.40583554376657827,1.0
470,3,T4,0.0,0.0,1.0,,389.0,0,0,0,0 isolated,,2.5205,192.0,0.34375,1.0
471,3,T4,0.0,0.0,1.0,,389.0,0,0,0,0 isolated,,4.0728,172.0,0.3313953488372093,1.0
472,3,T4,2.0,0.0,3.0,0.0,389.0,0,0,4,2 path,0 no foreign neighbour,3.3333,72.0,0.2361111111111111,1.0
473,3,T4,0.0,0.0,1.0,,389.0,0,0,0,0 isolated,,2.4525,642.0,0.32242990654205606,2.0
474,5,T7,2.0,0.0,394.0,1.0,163.0,1,0,3,2 path,1 all neighbours foreign,10.8241,129.0,0.5271317829457365,1.0
475,3,T4,0.0,0.0,1.0,,389.0,0,0,0,0 isolated,,1.942,676.0,0.34615384615384615,2.0
476,4,T5,0.0,0.0,1.0,,177.0,1,1,0,0 isolated,,2.259,160.0,0.48125,1.0
477,2,T3,3.0,0.0,394.0,0.6666666666666666,156.0,1,1,1,3+ branch,mixed,5.3,91.0,0.5054945054945055,0.0
478,3,T4,0.0,0.0,1.0,,389.0,0,0,0,0 isolated,,2.75,233.0,0.38626609442060084,2.0
479,4,T5,0.0,0.0,1.0,,177.0,1,1,0,0 isolated,,2.1951,226.0,0.3893805309734513,1.0
480,2,T3,2.0,0.0,394.0,0.5,156.0,0,0,3,2 path,mixed,6.1557,143.0,0.5174825174825175,1.0
481,5,T7,3.0,0.0,394.0,0.6666666666666666,163.0,1,0,1,3+ branch,mixed,10.4571,91.0,0.4835164835164835,1.0
482,2,T3,2.0,0.0,394.0,1.0,156.0,0,0,3,2 path,1 all neighbours foreign,4.1389,129.0,0.4728682170542636,0.0
483,5,T7,2.0,0.0,394.0,1.0,163.0,1,0,3,2 path,1 all neighbours foreign,5.5902,143.0,0.5384615384615384,1.0
484,3,T4,0.0,0.0,1.0,,389.0,0,0,0,0 isolated,,2.1247,454.0,0.32158590308370044,2.0
485,3,T4,0.0,0.0,1.0,,389.0,0,0,0,0 isolated,,1.6,126.0,0.48412698412698413,0.0
486,5,T7,3.0,0.0,394.0,0.3333333333333333,163.0,1,1,1,3+ branch,mixed,6.8137,574.0,0.4529616724738676,1.0
487,4,T5,0.0,0.0,1.0,,177.0,1,1,0,0 isolated,,1.4098,226.0,0.3672566371681416,1.0
488,3,T4,0.0,0.0,1.0,,389.0,0,0,0,0 isolated,,1.9408,190.0,0.4105263157894737,2.0
489,3,T4,0.0,0.0,1.0,,389.0,0,0,0,0 isolated,,2.2267,193.0,0.3005181347150259,2.0
490,0,unclassified_or_mixed,4.0,0.0,394.0,1.0,80.0,0,0,1,3+ branch,1 all neighbours foreign,13.3077,34.0,0.4117647058823529,2.0
491,0,unclassified_or_mixed,4.0,0.0,394.0,1.0,80.0,0,0,1,3+ branch,1 all neighbours foreign,12.8,26.0,0.5769230769230769,2.0
492,4,T5,1.0,0.0,5.0,0.0,177.0,1,1,4,1 tip,0 no foreign neighbour,5.1905,252.0,0.3373015873015873,1.0
493,4,T5,0.0,0.0,1.0,,177.0,1,1,0,0 isolated,,3.3241,956.0,0.35669456066945604,1.0
494,3,T4,0.0,0.0,1.0,,389.0,0,0,0,0 isolated,,2.6107,170.0,0.3764705882352941,1.0
495,0,unclassified_or_mixed,4.0,0.0,394.0,1.0,80.0,0,0,1,3+ branch,1 all neighbours foreign,7.0,25.0,0.48,2.0
496,5,T7,2.0,0.0,394.0,1.0,163.0,1,0,3,2 path,1 all neighbours foreign,1.9796,70.0,0.5142857142857142,1.0
497,3,T4,0.0,0.0,1.0,,389.0,0,0,0,0 isolated,,2.5151,485.0,0.3525773195876289,2.0
498,2,T3,2.0,0.0,394.0,1.0,156.0,0,0,3,2 path,1 all neighbours foreign,8.3074,496.0,0.5362903225806451,1.0
499,2,T3,3.0,0.0,394.0,0.6666666666666666,156.0,1,1,1,3+ branch,mixed,7.7114,520.0,0.43846153846153846,1.0
500,3,T4,0.0,0.0,1.0,,389.0,0,0,0,0 isolated,,2.4302,1876.0,0.332089552238806,2.0
501,3,T4,0.0,0.0,1.0,,389.0,0,0,0,0 isolated,,1.4144,202.0,0.32673267326732675,2.0
502,2,T3,2.0,0.0,394.0,0.5,156.0,0,0,3,2 path,mixed,5.7347,70.0,0.45714285714285713,1.0
503,5,T7,2.0,0.0,394.0,0.5,163.0,1,0,3,2 path,mixed,8.3279,82.0,0.4634146341463415,1.0
504,2,T3,2.0,0.0,394.0,1.0,156.0,0,0,3,2 path,1 all neighbours foreign,6.7619,84.0,0.5,1.0
505,0,unclassified_or_mixed,4.0,0.0,394.0,1.0,80.0,0,0,1,3+ branch,1 all neighbours foreign,13.0405,95.0,0.4842105263157895,2.0
506,5,T7,2.0,0.0,394.0,1.0,163.0,1,0,3,2 path,1 all neighbours foreign,7.1587,84.0,0.47619047619047616,1.0
507,2,T3,2.0,0.0,394.0,1.0,156.0,0,0,3,2 path,1 all neighbours foreign,5.7213,82.0,0.4878048780487805,1.0
508,5,T7,3.0,0.0,394.0,0.6666666666666666,163.0,1,1,1,3+ branch,mixed,6.2174,44.0,0.4772727272727273,1.0
509,2,T3,3.0,0.0,394.0,0.6666666666666666,156.0,1,1,1,3+ branch,mixed,11.4348,44.0,0.4772727272727273,1.0
510,2,T3,3.0,0.0,394.0,0.6666666666666666,156.0,1,1,1,3+ branch,mixed,9.2892,391.0,0.5012787723785166,1.0
511,4,T5,0.0,0.0,1.0,,177.0,1,1,0,0 isolated,,2.3613,212.0,0.47641509433962265,1.0
512,5,T7,4.0,0.0,394.0,0.5,163.0,1,1,1,3+ branch,mixed,10.585,380.0,0.5210526315789473,2.0
513,2,T3,2.0,0.0,394.0,1.0,156.0,0,0,3,2 path,1 all neighbours foreign,7.5217,67.0,0.47761194029850745,1.0
514,5,T7,3.0,0.0,394.0,0.6666666666666666,163.0,1,1,3,3+ branch,mixed,8.4243,391.0,0.5038363171355499,1.0
515,5,T7,2.0,0.0,394.0,1.0,163.0,1,1,4,2 path,1 all neighbours foreign,6.0435,67.0,0.47761194029850745,1.0
516,3,T4,0.0,0.0,1.0,,389.0,0,0,0,0 isolated,,2.1247,430.0,0.313953488372093,2.0
517,3,T4,0.0,0.0,1.0,,389.0,0,0,0,0 isolated,,2.1987,177.0,0.3446327683615819,1.0
518,4,T5,0.0,0.0,1.0,,177.0,1,1,0,0 isolated,,3.4938,183.0,0.39344262295081966,1.0
519,3,T4,2.0,0.0,14.0,0.0,389.0,1,1,3,2 path,0 no foreign neighbour,2.4444,39.0,0.358974358974359,2.0
520,3,T4,2.0,0.0,14.0,0.0,389.0,0,0,4,2 path,0 no foreign neighbour,3.0,34.0,0.35294117647058826,1.0
521,5,T7,2.0,0.0,394.0,1.0,163.0,1,1,4,2 path,1 all neighbours foreign,8.6253,496.0,0.5141129032258065,1.0
522,3,T4,0.0,0.0,1.0,,389.0,0,0,0,0 isolated,,1.9769,453.0,0.423841059602649,2.0
523,2,T3,2.0,0.0,394.0,0.5,156.0,0,0,3,2 path,mixed,9.9606,148.0,0.5608108108108109,0.0
524,2,T3,2.0,0.0,394.0,0.5,156.0,0,0,3,2 path,mixed,9.6939,70.0,0.5428571428571428,1.0
525,5,T7,2.0,0.0,394.0,1.0,163.0,1,1,3,2 path,1 all neighbours foreign,3.0612,70.0,0.5142857142857142,1.0
526,3,T4,0.0,0.0,1.0,,389.0,0,0,0,0 isolated,,2.2061,317.0,0.34069400630914826,2.0
527,3,T4,0.0,0.0,1.0,,389.0,0,0,0,0 isolated,,2.2406,632.0,0.3924050632911392,2.0
528,3,T4,0.0,0.0,1.0,,389.0,0,0,0,0 isolated,,3.1855,436.0,0.37155963302752293,2.0
529,4,T5,0.0,0.0,1.0,,177.0,1,1,0,0 isolated,,3.3743,192.0,0.4270833333333333,1.0
530,0,unclassified_or_mixed,2.0,0.0,394.0,1.0,80.0,1,1,3,2 path,1 all neighbours foreign,7.3636,32.0,0.46875,2.0
531,3,T4,3.0,0.0,14.0,0.0,389.0,1,1,3,3+ branch,0 no foreign neighbour,9.0,23.0,0.34782608695652173,2.0
532,5,T7,2.0,0.0,394.0,1.0,163.0,1,0,3,2 path,1 all neighbours foreign,10.0945,148.0,0.5743243243243243,1.0
533,3,T4,1.0,0.0,5.0,0.0,389.0,0,0,4,1 tip,0 no foreign neighbour,2.2697,110.0,0.32727272727272727,1.0
534,3,T4,0.0,0.0,1.0,,389.0,0,0,0,0 isolated,,2.5697,523.0,0.34990439770554493,2.0
535,0,unclassified_or_mixed,3.0,0.0,394.0,0.6666666666666666,80.0,0,0,1,3+ branch,mixed,15.9865,169.0,0.39644970414201186,2.0
536,5,T7,2.0,0.0,394.0,1.0,163.0,1,0,3,2 path,1 all neighbours foreign,9.7115,73.0,0.5616438356164384,1.0
537,5,T7,2.0,0.0,394.0,0.5,163.0,1,0,3,2 path,mixed,11.4082,70.0,0.4857142857142857,1.0
538,2,T3,2.0,0.0,394.0,1.0,156.0,0,0,3,2 path,1 all neighbours foreign,9.3846,73.0,0.547945205479452,1.0
539,2,T3,4.0,0.0,394.0,0.0,156.0,1,1,5,3+ branch,0 no foreign neighbour,23.0,22.0,0.4090909090909091,1.0
540,5,T7,2.0,0.0,394.0,0.5,163.0,1,0,3,2 path,mixed,9.4281,355.0,0.49014084507042255,1.0
541,3,T4,0.0,0.0,1.0,,389.0,0,0,0,0 isolated,,1.6419,317.0,0.3753943217665615,2.0
542,2,T3,2.0,0.0,394.0,1.0,156.0,0,0,3,2 path,1 all neighbours foreign,10.449,70.0,0.5,1.0
543,2,T3,4.0,0.0,394.0,0.0,156.0,1,1,1,3+ branch,0 no foreign neighbour,16.0,23.0,0.43478260869565216,1.0
544,3,T4,0.0,0.0,1.0,,389.0,0,0,0,0 isolated,,2.5265,399.0,0.3208020050125313,2.0
545,0,unclassified_or_mixed,4.0,0.0,394.0,1.0,80.0,0,0,1,3+ branch,1 all neighbours foreign,16.2222,30.0,0.5333333333333333,2.0
546,3,T4,0.0,0.0,1.0,,389.0,0,0,0,0 isolated,,2.8139,510.0,0.37450980392156863,2.0
547,3,T4,0.0,0.0,1.0,,389.0,0,0,0,0 isolated,,2.3333,126.0,0.40476190476190477,1.0
548,3,T4,0.0,0.0,1.0,,389.0,0,0,0,0 isolated,,3.3292,428.0,0.3341121495327103,2.0
549,0,unclassified_or_mixed,4.0,0.0,394.0,1.0,80.0,0,0,1,3+ branch,1 all neighbours foreign,15.0,34.0,0.5,2.0
550,3,T4,0.0,0.0,1.0,,389.0,0,0,0,0 isolated,,2.6961,123.0,0.37398373983739835,1.0
551,3,T4,0.0,0.0,1.0,,389.0,0,0,0,0 isolated,,3.8136,198.0,0.3434343434343434,2.0
552,3,T4,0.0,0.0,1.0,,389.0,0,0,0,0 isolated,,2.0809,256.0,0.32421875,2.0
553,4,T5,0.0,0.0,1.0,,177.0,1,1,0,0 isolated,,3.4287,3280.0,0.38353658536585367,1.0
554,0,unclassified_or_mixed,4.0,0.0,394.0,1.0,80.0,0,0,1,3+ branch,1 all neighbours foreign,19.25,29.0,0.5172413793103449,2.0
555,3,T4,0.0,0.0,1.0,,389.0,0,0,0,0 isolated,,1.6963,291.0,0.33676975945017185,2.0
556,2,T3,4.0,0.0,394.0,0.5,156.0,1,1,1,3+ branch,mixed,13.1463,62.0,0.4838709677419355,1.0
557,5,T7,4.0,0.0,394.0,0.5,163.0,1,1,1,3+ branch,mixed,10.6947,116.0,0.4224137931034483,1.0
558,0,unclassified_or_mixed,4.0,0.0,394.0,1.0,80.0,0,0,1,3+ branch,1 all neighbours foreign,17.8,26.0,0.5769230769230769,2.0
559,0,unclassified_or_mixed,4.0,0.0,394.0,1.0,80.0,0,0,1,3+ branch,1 all neighbours foreign,11.3333,45.0,0.35555555555555557,2.0
560,4,T5,0.0,0.0,1.0,,177.0,1,1,0,0 isolated,,2.6102,2112.0,0.3835227272727273,1.0
561,3,T4,0.0,0.0,1.0,,389.0,0,0,0,0 isolated,,3.3722,381.0,0.2992125984251969,2.0
562,3,T4,0.0,0.0,1.0,,389.0,0,0,0,0 isolated,,3.5427,349.0,0.3868194842406877,2.0
563,4,T5,4.0,0.0,6.0,0.0,177.0,1,1,1,3+ branch,0 no foreign neighbour,3.0,22.0,0.45454545454545453,1.0
564,5,T7,2.0,0.0,394.0,1.0,163.0,1,0,3,2 path,1 all neighbours foreign,10.0132,97.0,0.5154639175257731,1.0
565,2,T3,2.0,0.0,394.0,0.5,156.0,0,0,3,2 path,mixed,8.9054,539.0,0.4582560296846011,1.0
566,5,T7,1.0,0.0,394.0,1.0,163.0,1,1,2,1 tip,1 all neighbours foreign,3.6148,304.0,0.42105263157894735,1.0
567,3,T4,0.0,0.0,1.0,,389.0,0,0,0,0 isolated,,3.3014,240.0,0.32916666666666666,2.0
568,3,T4,0.0,0.0,1.0,,389.0,0,0,0,0 isolated,,3.9104,445.0,0.3775280898876405,2.0
569,5,T7,2.0,0.0,394.0,1.0,163.0,1,0,3,2 path,1 all neighbours foreign,8.8312,1863.0,0.475577026301664,1.0
570,2,T3,2.0,0.0,394.0,0.0,156.0,0,0,3,2 path,0 no foreign neighbour,12.6711,97.0,0.4845360824742268,1.0
571,5,T7,2.0,0.0,394.0,1.0,163.0,1,0,3,2 path,1 all neighbours foreign,9.1013,100.0,0.55,1.0
572,4,T5,0.0,0.0,1.0,,177.0,1,1,0,0 isolated,,1.9313,283.0,0.38869257950530034,1.0
573,2,T3,2.0,0.0,394.0,1.0,156.0,0,0,3,2 path,1 all neighbours foreign,8.0,100.0,0.56,1.0
574,4,T5,0.0,0.0,1.0,,177.0,1,1,0,0 isolated,,2.9292,741.0,0.3832658569500675,1.0
575,3,T4,0.0,0.0,1.0,,389.0,0,0,0,0 isolated,,2.0,99.0,0.4444444444444444,1.0
576,3,T4,1.0,0.0,5.0,0.0,389.0,0,0,4,1 tip,0 no foreign neighbour,2.7387,308.0,0.40584415584415584,2.0
577,2,T3,2.0,0.0,394.0,1.0,156.0,0,0,3,2 path,1 all neighbours foreign,10.6613,83.0,0.5903614457831325,1.0
578,5,T7,3.0,0.0,394.0,0.6666666666666666,163.0,1,1,1,3+ branch,mixed,6.1818,219.0,0.4931506849315068,1.0
579,3,T4,0.0,0.0,1.0,,389.0,0,0,0,0 isolated,,2.0208,213.0,0.38967136150234744,2.0
580,3,T4,0.0,0.0,1.0,,389.0,0,0,0,0 isolated,,2.6778,502.0,0.35856573705179284,2.0
581,3,T4,2.0,0.0,14.0,0.0,389.0,1,1,3,2 path,0 no foreign neighbour,2.7002,438.0,0.3356164383561644,1.0
582,3,T4,0.0,0.0,1.0,,389.0,0,0,0,0 isolated,,2.0,99.0,0.32323232323232326,2.0
583,4,T5,2.0,0.0,3.0,0.5,177.0,1,1,4,2 path,mixed,2.7353,395.0,0.36455696202531646,1.0
584,3,T4,0.0,0.0,1.0,,389.0,0,0,0,0 isolated,,4.018,354.0,0.3700564971751412,2.0
585,3,T4,0.0,0.0,1.0,,389.0,0,0,0,0 isolated,,2.2765,1048.0,0.33396946564885494,2.0
586,5,T7,2.0,0.0,394.0,1.0,163.0,1,0,3,2 path,1 all neighbours foreign,6.5666,524.0,0.4770992366412214,1.0
587,0,unclassified_or_mixed,4.0,0.0,394.0,1.0,80.0,0,0,1,3+ branch,1 all neighbours foreign,15.2,26.0,0.5,2.0
588,3,T4,0.0,0.0,1.0,,389.0,0,0,0,0 isolated,,1.8095,126.0,0.3333333333333333,1.0
589,3,T4,0.0,0.0,1.0,,389.0,0,0,0,0 isolated,,2.0,73.0,0.2602739726027397,1.0
590,2,T3,3.0,0.0,394.0,0.3333333333333333,156.0,1,1,1,3+ branch,mixed,6.8182,43.0,0.5116279069767442,1.0
591,3,T4,0.0,0.0,1.0,,389.0,0,0,0,0 isolated,,3.2441,574.0,0.3519163763066202,2.0
592,5,T7,3.0,0.0,394.0,0.6666666666666666,163.0,1,1,1,3+ branch,mixed,5.8182,43.0,0.5348837209302325,1.0
593,2,T3,2.0,0.0,394.0,1.0,156.0,1,1,1,2 path,1 all neighbours foreign,4.7931,50.0,0.46,1.0
594,2,T3,3.0,0.0,394.0,0.6666666666666666,156.0,1,1,1,3+ branch,mixed,3.6869,219.0,0.4931506849315068,1.0
595,2,T3,3.0,0.0,394.0,0.6666666666666666,156.0,1,1,1,3+ branch,mixed,6.6415,127.0,0.5354330708661418,0.0
596,5,T7,2.0,0.0,394.0,1.0,163.0,1,1,4,2 path,1 all neighbours foreign,6.9655,50.0,0.42,1.0
597,5,T7,3.0,0.0,394.0,0.3333333333333333,163.0,1,1,1,3+ branch,mixed,11.1226,127.0,0.5039370078740157,0.0
598,3,T4,0.0,0.0,1.0,,389.0,0,0,0,0 isolated,,1.9145,255.0,0.396078431372549,2.0
599,4,T5,0.0,0.0,1.0,,177.0,1,1,0,0 isolated,,3.7594,1675.0,0.3958208955223881,1.0
600,3,T4,0.0,0.0,1.0,,389.0,0,0,0,0 isolated,,2.381,126.0,0.3888888888888889,1.0
601,5,T7,2.0,0.0,394.0,0.5,163.0,1,1,1,2 path,mixed,7.5825,1166.0,0.4751286449399657,1.0
602,3,T4,0.0,0.0,1.0,,389.0,0,0,0,0 isolated,,2.0381,126.0,0.3492063492063492,1.0
603,5,T7,2.0,0.0,394.0,0.5,163.0,1,0,3,2 path,mixed,15.1481,75.0,0.5333333333333333,1.0
604,3,T4,0.0,0.0,1.0,,389.0,0,0,0,0 isolated,,2.7851,398.0,0.33668341708542715,2.0
605,5,T7,2.0,0.0,394.0,1.0,163.0,1,0,3,2 path,1 all neighbours foreign,9.7377,82.0,0.45121951219512196,1.0
606,3,T4,0.0,0.0,1.0,,389.0,0,0,0,0 isolated,,2.0661,611.0,0.32078559738134205,2.0
607,3,T4,0.0,0.0,1.0,,389.0,0,0,0,0 isolated,,2.0,86.0,0.37209302325581395,1.0
608,4,T5,4.0,0.0,6.0,0.0,177.0,1,1,1,3+ branch,0 no foreign neighbour,10.8,26.0,0.2692307692307692,1.0
609,2,T3,2.0,0.0,394.0,1.0,156.0,1,1,1,2 path,1 all neighbours foreign,4.5926,75.0,0.5066666666666667,1.0
610,2,T3,2.0,0.0,394.0,0.5,156.0,0,0,3,2 path,mixed,8.5574,82.0,0.5,1.0
611,4,T5,0.0,0.0,1.0,,177.0,1,1,0,0 isolated,,3.4403,155.0,0.4129032258064516,1.0
612,2,T3,2.0,0.0,394.0,1.0,156.0,0,0,3,2 path,1 all neighbours foreign,6.2035,134.0,0.5074626865671642,0.0
613,4,T5,0.0,0.0,1.0,,177.0,1,1,0,0 isolated,,4.4074,129.0,0.3953488372093023,1.0
614,5,T7,2.0,0.0,394.0,0.5,163.0,1,0,3,2 path,mixed,10.7699,134.0,0.4925373134328358,0.0
615,4,T5,0.0,0.0,1.0,,177.0,1,1,0,0 isolated,,2.445,412.0,0.47572815533980584,1.0
616,3,T4,0.0,0.0,1.0,,389.0,0,0,0,0 isolated,,4.0161,332.0,0.39156626506024095,2.0
617,0,unclassified_or_mixed,4.0,0.0,394.0,1.0,80.0,0,0,1,3+ branch,1 all neighbours foreign,14.625,29.0,0.5517241379310345,2.0
618,4,T5,0.0,0.0,1.0,,177.0,1,1,0,0 isolated,,2.0,101.0,0.48514851485148514,1.0
619,3,T4,0.0,0.0,1.0,,389.0,0,0,0,0 isolated,,4.863,240.0,0.375,2.0
620,0,unclassified_or_mixed,4.0,0.0,394.0,1.0,80.0,0,0,1,3+ branch,1 all neighbours foreign,8.6,26.0,0.5,2.0
621,3,T4,0.0,0.0,1.0,,389.0,0,0,0,0 isolated,,1.9386,852.0,0.3215962441314554,2.0
622,2,T3,2.0,0.0,394.0,1.0,156.0,0,0,3,2 path,1 all neighbours foreign,14.0971,124.0,0.5,0.0
623,3,T4,0.0,0.0,1.0,,389.0,0,0,0,0 isolated,,2.7134,356.0,0.31179775280898875,2.0
624,2,T3,2.0,0.0,394.0,1.0,156.0,0,0,3,2 path,1 all neighbours foreign,8.1968,1876.0,0.5053304904051172,1.0
625,3,T4,0.0,0.0,1.0,,389.0,0,0,0,0 isolated,,3.2017,140.0,0.3357142857142857,1.0
626,3,T4,0.0,0.0,1.0,,389.0,0,0,0,0 isolated,,2.2571,126.0,0.3968253968253968,1.0
627,4,T5,0.0,0.0,1.0,,177.0,1,1,0,0 isolated,,3.3014,313.0,0.44089456869009586,1.0
628,3,T4,0.0,0.0,1.0,,389.0,0,0,0,0 isolated,,1.9696,284.0,0.3626760563380282,1.0
629,4,T5,1.0,0.0,5.0,0.0,177.0,1,1,4,1 tip,0 no foreign neighbour,2.6167,308.0,0.35064935064935066,1.0
630,2,T3,3.0,0.0,394.0,0.3333333333333333,156.0,1,1,1,3+ branch,mixed,9.5848,469.0,0.5138592750533049,1.0
631,3,T4,0.0,0.0,1.0,,389.0,0,0,0,0 isolated,,2.8425,275.0,0.37454545454545457,2.0
632,5,T7,2.0,0.0,394.0,0.5,163.0,1,0,4,2 path,mixed,8.4444,66.0,0.5606060606060606,1.0
633,3,T4,0.0,0.0,1.0,,389.0,0,0,0,0 isolated,,3.5369,170.0,0.3411764705882353,1.0
634,2,T3,2.0,0.0,394.0,1.0,156.0,1,1,1,2 path,1 all neighbours foreign,6.1556,66.0,0.5151515151515151,1.0
635,5,T7,2.0,0.0,394.0,1.0,163.0,1,1,3,2 path,1 all neighbours foreign,7.4272,124.0,0.4838709677419355,1.0
636,3,T4,0.0,0.0,1.0,,389.0,0,0,0,0 isolated,,2.0,82.0,0.3048780487804878,2.0
637,0,unclassified_or_mixed,4.0,0.0,394.0,1.0,80.0,0,0,1,3+ branch,1 all neighbours foreign,16.625,29.0,0.41379310344827586,2.0
638,4,T5,0.0,0.0,1.0,,177.0,1,1,0,0 isolated,,3.2481,291.0,0.3470790378006873,1.0
639,5,T7,4.0,0.0,394.0,0.5,163.0,1,1,1,3+ branch,mixed,11.2632,59.0,0.5254237288135594,1.0
640,3,T4,0.0,0.0,1.0,,389.0,0,0,0,0 isolated,,2.363,291.0,0.3127147766323024,2.0
641,2,T3,4.0,0.0,394.0,0.5,156.0,1,1,1,3+ branch,mixed,14.6727,76.0,0.5131578947368421,1.0
642,4,T5,0.0,0.0,1.0,,177.0,1,1,0,0 isolated,,2.0,114.0,0.30701754385964913,1.0
643,4,T5,0.0,0.0,1.0,,177.0,1,1,0,0 isolated,,2.5362,491.0,0.3971486761710794,1.0
644,3,T4,0.0,0.0,1.0,,389.0,0,0,0,0 isolated,,2.4857,126.0,0.42063492063492064,1.0
645,3,T4,0.0,0.0,1.0,,389.0,0,0,0,0 isolated,,1.9054,338.0,0.44970414201183434,2.0
646,0,unclassified_or_mixed,4.0,0.0,394.0,1.0,80.0,0,0,1,3+ branch,1 all neighbours foreign,13.6667,24.0,0.5416666666666666,2.0
647,2,T3,2.0,0.0,394.0,1.0,156.0,0,0,3,2 path,1 all neighbours foreign,9.743,1165.0,0.5012875536480687,1.0
648,0,unclassified_or_mixed,4.0,0.0,394.0,1.0,80.0,0,0,1,3+ branch,1 all neighbours foreign,18.0,27.0,0.4444444444444444,2.0
649,5,T7,2.0,0.0,394.0,0.5,163.0,1,0,3,2 path,mixed,10.3514,465.0,0.4731182795698925,1.0
650,4,T5,0.0,0.0,1.0,,177.0,1,1,0,0 isolated,,2.3443,445.0,0.3887640449438202,1.0
651,5,T7,2.0,0.0,394.0,1.0,163.0,1,0,3,2 path,1 all neighbours foreign,7.9846,1646.0,0.46780072904009723,1.0
652,3,T4,0.0,0.0,1.0,,389.0,0,0,0,0 isolated,,2.0625,309.0,0.34951456310679613,2.0
653,3,T4,0.0,0.0,1.0,,389.0,0,0,0,0 isolated,,2.5832,976.0,0.35860655737704916,2.0
654,4,T5,0.0,0.0,1.0,,177.0,1,1,0,0 isolated,,2.4393,367.0,0.3405994550408719,1.0
655,3,T4,0.0,0.0,1.0,,389.0,0,0,0,0 isolated,,2.0,124.0,0.4032258064516129,2.0
656,3,T4,0.0,0.0,1.0,,389.0,0,0,0,0 isolated,,3.6694,142.0,0.4084507042253521,2.0
657,3,T4,0.0,0.0,1.0,,389.0,0,0,0,0 isolated,,1.9883,704.0,0.29829545454545453,2.0
658,3,T4,0.0,0.0,1.0,,389.0,0,0,0,0 isolated,,3.3209,317.0,0.3249211356466877,2.0
659,3,T4,2.0,0.0,4.0,0.5,389.0,0,0,4,2 path,mixed,2.1386,865.0,0.4138728323699422,2.0
660,3,T4,0.0,0.0,1.0,,389.0,0,0,0,0 isolated,,2.774,167.0,0.3413173652694611,2.0
661,4,T5,0.0,0.0,1.0,,177.0,1,1,0,0 isolated,,2.9678,643.0,0.3468118195956454,1.0
662,3,T4,0.0,0.0,1.0,,389.0,0,0,0,0 isolated,,2.5826,747.0,0.33467202141900937,2.0
663,3,T4,0.0,0.0,1.0,,389.0,0,0,0,0 isolated,,2.1833,272.0,0.3161764705882353,2.0
664,3,T4,0.0,0.0,1.0,,389.0,0,0,0,0 isolated,,2.5272,886.0,0.34085778781038373,2.0
665,4,T5,0.0,0.0,1.0,,177.0,1,1,0,0 isolated,,2.3589,542.0,0.4003690036900369,1.0
666,3,T4,0.0,0.0,1.0,,389.0,0,0,0,0 isolated,,2.2683,703.0,0.3655761024182077,2.0
667,4,T5,0.0,0.0,1.0,,177.0,1,1,0,0 isolated,,3.4709,1136.0,0.3573943661971831,1.0
668,3,T4,1.0,0.0,3.0,0.0,389.0,0,0,4,1 tip,0 no foreign neighbour,1.8671,164.0,0.4329268292682927,1.0
669,3,T4,0.0,0.0,1.0,,389.0,0,0,0,0 isolated,,2.1333,126.0,0.3888888888888889,1.0
670,4,T5,0.0,0.0,1.0,,177.0,1,1,0,0 isolated,,3.068,1491.0,0.3715627095908786,1.0
671,3,T4,0.0,0.0,1.0,,389.0,0,0,0,0 isolated,,3.3364,131.0,0.29770992366412213,2.0
672,4,T5,0.0,0.0,1.0,,177.0,1,1,0,0 isolated,,2.6952,395.0,0.3569620253164557,1.0
673,3,T4,0.0,0.0,1.0,,389.0,0,0,0,0 isolated,,1.9098,143.0,0.32867132867132864,1.0
674,0,unclassified_or_mixed,4.0,0.0,394.0,1.0,80.0,0,0,1,3+ branch,1 all neighbours foreign,14.0,24.0,0.4166666666666667,2.0
675,2,T3,2.0,0.0,394.0,1.0,156.0,0,0,3,2 path,1 all neighbours foreign,8.1461,1458.0,0.49039780521262005,1.0
676,3,T4,0.0,0.0,1.0,,389.0,0,0,0,0 isolated,,2.1857,398.0,0.3969849246231156,2.0
677,4,T5,0.0,0.0,1.0,,177.0,1,1,0,0 isolated,,2.4476,126.0,0.4365079365079365,1.0
678,3,T4,0.0,0.0,1.0,,389.0,0,0,0,0 isolated,,2.0,116.0,0.4224137931034483,1.0
679,4,T5,0.0,0.0,1.0,,177.0,1,1,0,0 isolated,,2.3905,126.0,0.4126984126984127,1.0
680,4,T5,0.0,0.0,1.0,,177.0,1,1,0,0 isolated,,3.0241,187.0,0.37433155080213903,1.0
681,5,T7,2.0,0.0,394.0,1.0,163.0,1,1,3,2 path,1 all neighbours foreign,7.5353,1394.0,0.4763271162123386,1.0
682,3,T4,0.0,0.0,1.0,,389.0,0,0,0,0 isolated,,2.2782,154.0,0.36363636363636365,2.0
683,3,T4,0.0,0.0,1.0,,389.0,0,0,0,0 isolated,,2.0,88.0,0.29545454545454547,2.0
684,3,T4,0.0,0.0,1.0,,389.0,0,0,0,0 isolated,,2.0,101.0,0.39603960396039606,2.0
685,3,T4,0.0,0.0,1.0,,389.0,0,0,0,0 isolated,,2.9051,411.0,0.3819951338199513,2.0
686,5,T7,2.0,0.0,394.0,1.0,163.0,1,1,3,2 path,1 all neighbours foreign,7.2832,134.0,0.4626865671641791,0.0
687,2,T3,4.0,0.0,394.0,0.5,156.0,1,1,1,3+ branch,mixed,11.9346,327.0,0.5076452599388379,1.0
688,4,T5,0.0,0.0,1.0,,177.0,1,1,0,0 isolated,,3.3168,343.0,0.37900874635568516,1.0
689,0,unclassified_or_mixed,4.0,0.0,394.0,1.0,80.0,0,0,1,3+ branch,1 all neighbours foreign,22.5,23.0,0.5217391304347826,2.0
690,3,T4,0.0,0.0,1.0,,389.0,0,0,0,0 isolated,,2.4,301.0,0.30564784053156147,2.0
691,3,T4,0.0,0.0,1.0,,389.0,0,0,0,0 isolated,,3.0837,260.0,0.39615384615384613,1.0
692,2,T3,3.0,0.0,394.0,0.3333333333333333,156.0,1,1,1,3+ branch,mixed,8.4459,243.0,0.48559670781893005,1.0
693,3,T4,0.0,0.0,1.0,,389.0,0,0,0,0 isolated,,2.4762,126.0,0.4603174603174603,1.0
694,3,T4,0.0,0.0,1.0,,389.0,0,0,0,0 isolated,,3.0564,340.0,0.3558823529411765,2.0
695,4,T5,0.0,0.0,1.0,,177.0,1,1,0,0 isolated,,2.0787,364.0,0.4175824175824176,1.0
696,2,T3,2.0,0.0,394.0,1.0,156.0,0,0,3,2 path,1 all neighbours foreign,4.6869,120.0,0.43333333333333335,0.0
697,2,T3,4.0,0.0,394.0,0.5,156.0,1,1,1,3+ branch,mixed,17.3693,197.0,0.5228426395939086,1.0
698,3,T4,3.0,0.0,14.0,0.0,389.0,1,1,3,3+ branch,0 no foreign neighbour,6.0,27.0,0.2962962962962963,1.0
699,3,T4,0.0,0.0,1.0,,389.0,0,0,0,0 isolated,,2.3865,272.0,0.3639705882352941,2.0
700,5,T7,2.0,0.0,394.0,0.0,163.0,1,0,3,2 path,0 no foreign neighbour,12.4,61.0,0.4918032786885246,1.0
701,2,T3,2.0,0.0,394.0,1.0,156.0,0,0,3,2 path,1 all neighbours foreign,6.425,61.0,0.5081967213114754,1.0
702,5,T7,2.0,0.0,394.0,0.5,163.0,1,0,3,2 path,mixed,9.4844,85.0,0.4588235294117647,1.0
703,2,T3,2.0,0.0,394.0,1.0,156.0,0,0,3,2 path,1 all neighbours foreign,12.6875,85.0,0.49411764705882355,1.0
704,4,T5,1.0,0.0,394.0,1.0,177.0,1,1,4,1 tip,1 all neighbours foreign,2.6722,442.0,0.4592760180995475,1.0
705,3,T4,4.0,0.0,14.0,0.0,389.0,1,1,1,3+ branch,0 no foreign neighbour,12.0,22.0,0.3181818181818182,2.0
706,5,T7,4.0,0.0,394.0,0.5,163.0,1,1,1,3+ branch,mixed,14.9268,62.0,0.45161290322580644,1.0
707,4,T5,0.0,0.0,1.0,,177.0,1,1,0,0 isolated,,2.827,674.0,0.40801186943620177,1.0
708,3,T4,0.0,0.0,1.0,,389.0,0,0,0,0 isolated,,2.5267,471.0,0.36942675159235666,2.0
709,2,T3,2.0,0.0,394.0,0.5,156.0,0,0,3,2 path,mixed,6.8818,901.0,0.5049944506104328,1.0
710,4,T5,0.0,0.0,1.0,,177.0,1,1,0,0 isolated,,3.6311,677.0,0.37961595273264404,1.0
711,4,T5,0.0,0.0,1.0,,177.0,1,1,0,0 isolated,,2.4857,126.0,0.4126984126984127,1.0
712,4,T5,1.0,0.0,394.0,1.0,177.0,1,1,4,1 tip,1 all neighbours foreign,3.0,354.0,0.4632768361581921,1.0
713,3,T4,0.0,0.0,1.0,,389.0,0,0,0,0 isolated,,2.4286,126.0,0.3968253968253968,1.0
714,4,T5,0.0,0.0,1.0,,177.0,1,1,0,0 isolated,,2.7302,603.0,0.40630182421227196,1.0
715,5,T7,2.0,0.0,394.0,0.5,163.0,1,0,3,2 path,mixed,8.642,345.0,0.5043478260869565,1.0
716,2,T3,2.0,0.0,394.0,1.0,156.0,0,0,3,2 path,1 all neighbours foreign,9.8557,118.0,0.5508474576271186,0.0
717,5,T7,2.0,0.0,394.0,1.0,163.0,1,0,3,2 path,1 all neighbours foreign,5.0,82.0,0.524390243902439,1.0
718,3,T4,0.0,0.0,1.0,,389.0,0,0,0,0 isolated,,2.8397,1487.0,0.41223940820443844,2.0
719,2,T3,4.0,0.0,394.0,0.5,156.0,1,1,1,3+ branch,mixed,10.6683,223.0,0.5112107623318386,0.0
720,2,T3,2.0,0.0,394.0,1.0,156.0,0,0,3,2 path,1 all neighbours foreign,5.3443,82.0,0.5121951219512195,1.0
721,5,T7,2.0,0.0,394.0,1.0,163.0,1,1,3,2 path,1 all neighbours foreign,7.6186,118.0,0.5254237288135594,0.0
722,2,T3,2.0,0.0,394.0,0.5,156.0,0,0,3,2 path,mixed,7.0862,79.0,0.5316455696202531,1.0
723,3,T4,0.0,0.0,1.0,,389.0,0,0,0,0 isolated,,2.734,645.0,0.33798449612403103,2.0
724,4,T5,0.0,0.0,1.0,,177.0,1,1,0,0 isolated,,3.2807,135.0,0.4,1.0
725,3,T4,0.0,0.0,1.0,,389.0,0,0,0,0 isolated,,2.0,86.0,0.3488372093023256,2.0
726,4,T5,0.0,0.0,1.0,,177.0,1,1,0,0 isolated,,2.381,126.0,0.373015873015873,1.0
727,4,T5,0.0,0.0,1.0,,177.0,1,1,0,0 isolated,,2.0,83.0,0.37349397590361444,1.0
728,0,unclassified_or_mixed,4.0,0.0,394.0,1.0,80.0,0,0,1,3+ branch,1 all neighbours foreign,14.0,26.0,0.5769230769230769,2.0
729,5,T7,3.0,0.0,394.0,0.3333333333333333,163.0,1,1,1,3+ branch,mixed,8.3031,1456.0,0.4677197802197802,1.0
730,3,T4,0.0,0.0,1.0,,389.0,0,0,0,0 isolated,,1.9178,94.0,0.39361702127659576,1.0
731,4,T5,0.0,0.0,1.0,,177.0,1,1,0,0 isolated,,2.9141,1243.0,0.37650844730490746,1.0
732,3,T4,0.0,0.0,1.0,,389.0,0,0,0,0 isolated,,1.8275,276.0,0.34782608695652173,2.0
733,3,T4,0.0,0.0,1.0,,389.0,0,0,0,0 isolated,,2.6405,174.0,0.3505747126436782,1.0
734,3,T4,0.0,0.0,1.0,,389.0,0,0,0,0 isolated,,3.7574,223.0,0.3452914798206278,2.0
735,5,T7,2.0,0.0,394.0,0.5,163.0,1,0,3,2 path,mixed,7.36,896.0,0.48325892857142855,1.0
736,5,T7,2.0,0.0,394.0,1.0,163.0,1,0,3,2 path,1 all neighbours foreign,6.7241,79.0,0.5189873417721519,1.0
737,0,unclassified_or_mixed,4.0,0.0,394.0,1.0,80.0,0,0,1,3+ branch,1 all neighbours foreign,19.6,26.0,0.46153846153846156,2.0
738,4,T5,0.0,0.0,1.0,,177.0,1,1,0,0 isolated,,2.7273,274.0,0.4233576642335766,1.0
739,3,T4,0.0,0.0,1.0,,389.0,0,0,0,0 isolated,,2.9012,183.0,0.2786885245901639,2.0
740,3,T4,0.0,0.0,1.0,,389.0,0,0,0,0 isolated,,3.6038,334.0,0.32335329341317365,2.0
741,3,T4,0.0,0.0,1.0,,389.0,0,0,0,0 isolated,,1.4971,196.0,0.41836734693877553,1.0
742,0,unclassified_or_mixed,4.0,0.0,394.0,1.0,80.0,0,0,1,3+ branch,1 all neighbours foreign,12.0,26.0,0.38461538461538464,2.0
743,3,T4,0.0,0.0,1.0,,389.0,0,0,0,0 isolated,,3.8542,261.0,0.37547892720306514,2.0
744,3,T4,0.0,0.0,1.0,,389.0,0,0,0,0 isolated,,3.364,271.0,0.31365313653136534,2.0
745,0,unclassified_or_mixed,4.0,0.0,394.0,1.0,80.0,0,0,1,3+ branch,1 all neighbours foreign,15.0,24.0,0.4166666666666667,2.0
746,3,T4,0.0,0.0,1.0,,389.0,0,0,0,0 isolated,,2.2381,420.0,0.37857142857142856,2.0
747,3,T4,0.0,0.0,1.0,,389.0,0,0,0,0 isolated,,2.8524,651.0,0.37019969278033793,2.0
748,3,T4,0.0,0.0,1.0,,389.0,0,0,0,0 isolated,,2.0,112.0,0.30357142857142855,2.0
749,3,T4,0.0,0.0,1.0,,389.0,0,0,0,0 isolated,,3.2938,198.0,0.3434343434343434,2.0
750,2,T3,4.0,0.0,394.0,0.5,156.0,1,1,1,3+ branch,mixed,10.9848,87.0,0.4942528735632184,1.0
751,4,T5,0.0,0.0,1.0,,177.0,1,1,0,0 isolated,,2.0,107.0,0.3364485981308411,1.0
752,3,T4,1.0,0.0,5.0,0.0,389.0,0,0,4,1 tip,0 no foreign neighbour,2.2536,230.0,0.25217391304347825,2.0
753,3,T4,0.0,0.0,1.0,,389.0,0,0,0,0 isolated,,2.9956,474.0,0.33755274261603374,2.0
754,5,T7,2.0,0.0,394.0,0.5,163.0,1,1,3,2 path,mixed,10.7551,70.0,0.5428571428571428,1.0
755,0,unclassified_or_mixed,4.0,0.0,394.0,1.0,80.0,0,0,1,3+ branch,1 all neighbours foreign,18.4,26.0,0.5,2.0
756,2,T3,2.0,0.0,394.0,1.0,156.0,0,0,3,2 path,1 all neighbours foreign,7.8367,70.0,0.5142857142857142,1.0
757,0,unclassified_or_mixed,4.0,0.0,394.0,1.0,80.0,0,0,1,3+ branch,1 all neighbours foreign,19.3043,44.0,0.5454545454545454,2.0
758,5,T7,2.0,0.0,394.0,1.0,163.0,1,1,3,2 path,1 all neighbours foreign,6.0492,82.0,0.5609756097560976,1.0
759,3,T4,2.0,0.0,4.0,1.0,389.0,0,0,4,2 path,1 all neighbours foreign,2.9328,140.0,0.4,2.0
760,4,T5,0.0,0.0,1.0,,177.0,1,1,0,0 isolated,,3.0,567.0,0.4673721340388007,1.0
761,2,T3,2.0,0.0,394.0,0.5,156.0,0,0,3,2 path,mixed,4.9672,82.0,0.573170731707317,0.0
762,5,T7,3.0,0.0,394.0,0.0,163.0,1,0,3,3+ branch,0 no foreign neighbour,36.3333,24.0,0.3333333333333333,1.0
763,2,T3,3.0,0.0,394.0,0.3333333333333333,156.0,1,1,1,3+ branch,mixed,3.0455,43.0,0.5348837209302325,1.0
764,5,T7,3.0,0.0,394.0,0.6666666666666666,163.0,1,0,1,3+ branch,mixed,8.8182,43.0,0.5116279069767442,1.0
765,4,T5,0.0,0.0,1.0,,177.0,1,1,0,0 isolated,,2.877,143.0,0.44755244755244755,1.0
766,5,T7,2.0,0.0,394.0,1.0,163.0,1,0,1,2 path,1 all neighbours foreign,8.4058,2202.0,0.4782016348773842,1.0
767,3,T4,0.0,0.0,1.0,,389.0,0,0,0,0 isolated,,2.7911,447.0,0.3624161073825503,2.0
768,0,unclassified_or_mixed,3.0,0.0,394.0,0.3333333333333333,80.0,1,1,3,3+ branch,mixed,26.0,23.0,0.4782608695652174,2.0
769,0,unclassified_or_mixed,4.0,0.0,394.0,1.0,80.0,0,0,1,3+ branch,1 all neighbours foreign,19.0,26.0,0.5,2.0
770,5,T7,3.0,0.0,394.0,0.3333333333333333,163.0,1,1,1,3+ branch,mixed,26.0,23.0,0.4782608695652174,1.0
771,2,T3,4.0,0.0,394.0,0.25,156.0,1,1,5,3+ branch,mixed,9.3376,1425.0,0.4968421052631579,1.0
772,5,T7,3.0,0.0,394.0,0.6666666666666666,163.0,1,1,1,3+ branch,mixed,6.2553,115.0,0.4956521739130435,1.0
773,3,T4,0.0,0.0,1.0,,389.0,0,0,0,0 isolated,,2.4672,723.0,0.3789764868603043,2.0
774,2,T3,3.0,0.0,394.0,0.6666666666666666,156.0,1,1,1,3+ branch,mixed,11.7979,115.0,0.5130434782608696,1.0
775,3,T4,0.0,0.0,1.0,,389.0,0,0,0,0 isolated,,2.0,106.0,0.2830188679245283,1.0
776,3,T4,1.0,0.0,5.0,0.0,389.0,0,0,4,1 tip,0 no foreign neighbour,2.7325,178.0,0.3258426966292135,2.0
777,2,T3,2.0,0.0,394.0,0.5,156.0,0,0,3,2 path,mixed,12.0702,78.0,0.4230769230769231,1.0
778,3,T4,0.0,0.0,1.0,,389.0,0,0,0,0 isolated,,2.7619,126.0,0.2857142857142857,1.0
779,5,T7,2.0,0.0,394.0,0.5,163.0,1,0,3,2 path,mixed,5.1404,78.0,0.44871794871794873,1.0
780,2,T3,2.0,0.0,394.0,0.5,156.0,0,0,3,2 path,mixed,8.6875,37.0,0.3783783783783784,1.0
781,5,T7,2.0,0.0,394.0,0.5,163.0,1,1,3,2 path,mixed,15.25,33.0,0.42424242424242425,1.0
782,2,T3,2.0,0.0,394.0,1.0,156.0,0,0,3,2 path,1 all neighbours foreign,6.4082,70.0,0.5142857142857142,1.0
783,3,T4,0.0,0.0,1.0,,389.0,0,0,0,0 isolated,,2.3103,469.0,0.36673773987206826,2.0
784,3,T4,1.0,0.0,3.0,1.0,389.0,0,0,2,1 tip,1 all neighbours foreign,2.2677,346.0,0.4277456647398844,2.0
785,3,T4,0.0,0.0,1.0,,389.0,0,0,0,0 isolated,,2.2371,118.0,0.3135593220338983,0.0
786,4,T5,0.0,0.0,1.0,,177.0,1,1,0,0 isolated,,2.0,102.0,0.35294117647058826,1.0
787,4,T5,0.0,0.0,1.0,,177.0,1,1,0,0 isolated,,3.959,460.0,0.42391304347826086,1.0
788,3,T4,0.0,0.0,1.0,,389.0,0,0,0,0 isolated,,3.3583,342.0,0.347953216374269,2.0
789,3,T4,0.0,0.0,1.0,,389.0,0,0,0,0 isolated,,3.0,126.0,0.2698412698412698,1.0
790,4,T5,0.0,0.0,1.0,,177.0,1,1,0,0 isolated,,3.1524,651.0,0.41781874039938555,1.0
791,0,unclassified_or_mixed,4.0,0.0,394.0,1.0,80.0,0,0,1,3+ branch,1 all neighbours foreign,9.4,26.0,0.5384615384615384,2.0
792,4,T5,0.0,0.0,1.0,,177.0,1,1,0,0 isolated,,3.1968,331.0,0.40483383685800606,1.0
793,2,T3,3.0,0.0,394.0,0.6666666666666666,156.0,0,0,3,3+ branch,mixed,11.3697,186.0,0.521505376344086,1.0
794,5,T7,2.0,0.0,394.0,1.0,163.0,1,1,4,2 path,1 all neighbours foreign,8.0638,1291.0,0.47947327652982186,1.0
795,3,T4,0.0,0.0,1.0,,389.0,0,0,0,0 isolated,,2.0059,190.0,0.41578947368421054,1.0
796,3,T4,2.0,0.0,14.0,0.0,389.0,0,0,4,2 path,0 no foreign neighbour,2.3706,307.0,0.3745928338762215,2.0
797,3,T4,0.0,0.0,1.0,,389.0,0,0,0,0 isolated,,1.9306,194.0,0.4381443298969072,2.0
798,5,T7,3.0,0.0,394.0,0.0,163.0,1,0,1,3+ branch,0 no foreign neighbour,19.0,24.0,0.2916666666666667,1.0
799,5,T7,3.0,0.0,394.0,0.0,163.0,1,0,1,3+ branch,0 no foreign neighbour,17.0,22.0,0.22727272727272727,1.0
800,0,unclassified_or_mixed,4.0,0.0,394.0,1.0,80.0,0,0,1,3+ branch,1 all neighbours foreign,25.0,24.0,0.5416666666666666,2.0
801,3,T4,0.0,0.0,1.0,,389.0,0,0,0,0 isolated,,2.0,96.0,0.4166666666666667,1.0
802,3,T4,0.0,0.0,1.0,,389.0,0,0,0,0 isolated,,2.8615,945.0,0.3502645502645503,2.0
803,4,T5,0.0,0.0,1.0,,177.0,1,1,0,0 isolated,,2.0,93.0,0.3978494623655914,1.0
804,5,T7,2.0,0.0,394.0,0.5,163.0,1,1,3,2 path,mixed,11.2973,58.0,0.46551724137931033,1.0
805,3,T4,0.0,0.0,1.0,,389.0,0,0,0,0 isolated,,2.8115,265.0,0.4188679245283019,2.0
806,2,T3,2.0,0.0,394.0,1.0,156.0,0,0,3,2 path,1 all neighbours foreign,6.6757,58.0,0.4482758620689655,1.0
807,3,T4,4.0,0.0,5.0,0.0,389.0,1,1,1,3+ branch,0 no foreign neighbour,1.0,22.0,0.6363636363636364,1.0
808,1,T1,4.0,0.0,16.0,0.0,18.0,1,1,1,3+ branch,0 no foreign neighbour,10.0,22.0,0.22727272727272727,1.0
809,3,T4,0.0,0.0,1.0,,389.0,0,0,0,0 isolated,,1.902,521.0,0.3493282149712092,2.0
810,3,T4,0.0,0.0,1.0,,389.0,0,0,0,0 isolated,,2.9005,634.0,0.2996845425867508,2.0
811,4,T5,0.0,0.0,1.0,,177.0,1,1,0,0 isolated,,2.1461,466.0,0.388412017167382,1.0
812,3,T4,0.0,0.0,1.0,,389.0,0,0,0,0 isolated,,2.0,97.0,0.422680412371134,1.0
813,2,T3,2.0,0.0,394.0,1.0,156.0,0,0,3,2 path,1 all neighbours foreign,10.7915,280.0,0.4928571428571429,1.0
814,2,T3,2.0,0.0,394.0,0.0,156.0,0,0,3,2 path,0 no foreign neighbour,8.9142,883.0,0.5107587768969423,1.0
815,4,T5,0.0,0.0,1.0,,177.0,1,1,0,0 isolated,,4.364,271.0,0.4317343173431734,1.0
816,4,T5,0.0,0.0,1.0,,177.0,1,1,0,0 isolated,,3.7609,2259.0,0.3975210270030987,1.0
817,5,T7,2.0,0.0,394.0,1.0,163.0,1,1,3,2 path,1 all neighbours foreign,9.5405,280.0,0.5178571428571429,1.0
818,3,T4,0.0,0.0,1.0,,389.0,0,0,0,0 isolated,,3.4783,159.0,0.3836477987421384,1.0
819,5,T7,2.0,0.0,394.0,1.0,163.0,1,0,3,2 path,1 all neighbours foreign,8.0732,103.0,0.4563106796116505,1.0
820,3,T4,0.0,0.0,1.0,,389.0,0,0,0,0 isolated,,2.2,171.0,0.32748538011695905,1.0
821,5,T7,2.0,0.0,394.0,1.0,163.0,1,0,3,2 path,1 all neighbours foreign,3.8182,76.0,0.5,1.0
822,3,T4,0.0,0.0,1.0,,389.0,0,0,0,0 isolated,,2.2298,330.0,0.4,2.0
823,2,T3,2.0,0.0,394.0,0.0,156.0,0,0,3,2 path,0 no foreign neighbour,11.0366,103.0,0.4563106796116505,1.0
824,3,T4,0.0,0.0,1.0,,389.0,0,0,0,0 isolated,,2.4476,126.0,0.3333333333333333,1.0
825,2,T3,2.0,0.0,394.0,1.0,156.0,0,0,3,2 path,1 all neighbours foreign,6.7636,76.0,0.4342105263157895,1.0
826,3,T4,0.0,0.0,1.0,,389.0,0,0,0,0 isolated,,2.7259,364.0,0.3324175824175824,2.0
827,2,T3,2.0,0.0,394.0,1.0,156.0,0,0,3,2 path,1 all neighbours foreign,4.7568,58.0,0.4827586206896552,1.0
828,5,T7,2.0,0.0,394.0,0.0,163.0,1,0,1,2 path,0 no foreign neighbour,7.7297,58.0,0.4827586206896552,1.0
829,4,T5,0.0,0.0,1.0,,177.0,1,1,0,0 isolated,,3.4302,551.0,0.3702359346642468,1.0
830,5,T7,2.0,0.0,394.0,1.0,163.0,1,1,1,2 path,1 all neighbours foreign,7.5319,1228.0,0.49267100977198697,1.0
831,0,unclassified_or_mixed,4.0,0.0,394.0,1.0,80.0,0,0,1,3+ branch,1 all neighbours foreign,16.5,27.0,0.48148148148148145,2.0
832,2,T3,1.0,0.0,394.0,0.0,156.0,1,0,4,1 tip,0 no foreign neighbour,4.358,968.0,0.4369834710743802,1.0
833,3,T4,0.0,0.0,1.0,,389.0,0,0,0,0 isolated,,2.0095,126.0,0.3888888888888889,1.0
834,4,T5,1.0,0.0,5.0,0.0,177.0,1,1,4,1 tip,0 no foreign neighbour,2.8925,114.0,0.34210526315789475,1.0
835,5,T7,2.0,0.0,394.0,1.0,163.0,1,1,3,2 path,1 all neighbours foreign,4.0702,78.0,0.5384615384615384,1.0
836,5,T7,2.0,0.0,394.0,1.0,163.0,1,0,3,2 path,1 all neighbours foreign,10.2609,67.0,0.44776119402985076,1.0
837,2,T3,2.0,0.0,394.0,0.5,156.0,0,0,3,2 path,mixed,6.9123,78.0,0.5256410256410257,1.0
838,2,T3,2.0,0.0,394.0,1.0,156.0,1,0,4,2 path,1 all neighbours foreign,13.3696,67.0,0.4925373134328358,1.0
839,4,T5,0.0,0.0,1.0,,177.0,1,1,0,0 isolated,,2.493,595.0,0.4184873949579832,1.0
840,4,T5,2.0,0.0,4.0,0.5,177.0,1,1,4,2 path,mixed,3.8091,1205.0,0.3800829875518672,1.0
841,3,T4,0.0,0.0,1.0,,389.0,0,0,0,0 isolated,,2.0459,239.0,0.3807531380753138,2.0
842,3,T4,0.0,0.0,1.0,,389.0,0,0,0,0 isolated,,1.8036,1014.0,0.34812623274161736,2.0
843,2,T3,2.0,0.0,394.0,1.0,156.0,0,0,3,2 path,1 all neighbours foreign,8.6291,943.0,0.513255567338282,1.0
844,4,T5,0.0,0.0,1.0,,177.0,1,1,0,0 isolated,,4.1469,164.0,0.4268292682926829,1.0
845,3,T4,0.0,0.0,1.0,,389.0,0,0,0,0 isolated,,2.4112,235.0,0.32340425531914896,2.0
846,4,T5,0.0,0.0,1.0,,177.0,1,1,0,0 isolated,,3.6,726.0,0.41460055096418735,1.0
847,0,unclassified_or_mixed,4.0,0.0,394.0,1.0,80.0,0,0,1,3+ branch,1 all neighbours foreign,12.0,24.0,0.5416666666666666,2.0
848,5,T7,2.0,0.0,394.0,1.0,163.0,1,0,4,2 path,1 all neighbours foreign,8.5676,916.0,0.4923580786026201,1.0
849,3,T4,0.0,0.0,1.0,,389.0,0,0,0,0 isolated,,1.8624,486.0,0.35185185185185186,2.0
850,0,unclassified_or_mixed,4.0,0.0,394.0,1.0,80.0,0,0,1,3+ branch,1 all neighbours foreign,15.6286,91.0,0.4835164835164835,2.0
851,2,T3,4.0,0.0,394.0,0.5,156.0,1,1,1,3+ branch,mixed,18.0789,59.0,0.4576271186440678,1.0
852,3,T4,0.0,0.0,1.0,,389.0,0,0,0,0 isolated,,2.617,410.0,0.35853658536585364,2.0
853,5,T7,2.0,0.0,394.0,1.0,163.0,1,0,3,2 path,1 all neighbours foreign,7.2719,135.0,0.5037037037037037,0.0
854,4,T5,0.0,0.0,1.0,,177.0,1,1,0,0 isolated,,2.9431,707.0,0.3917963224893918,1.0
855,4,T5,0.0,0.0,1.0,,177.0,1,1,0,0 isolated,,3.1842,135.0,0.3925925925925926,1.0
856,5,T7,3.0,0.0,394.0,0.3333333333333333,163.0,1,1,1,3+ branch,mixed,7.7719,135.0,0.5481481481481482,1.0
857,2,T3,3.0,0.0,394.0,0.6666666666666666,156.0,1,1,1,3+ branch,mixed,5.5965,135.0,0.5111111111111111,0.0
858,3,T4,0.0,0.0,1.0,,389.0,0,0,0,0 isolated,,2.8776,1075.0,0.34325581395348836,2.0
859,0,unclassified_or_mixed,4.0,0.0,394.0,1.0,80.0,1,0,3,3+ branch,1 all neighbours foreign,21.2759,50.0,0.46,2.0
860,0,unclassified_or_mixed,4.0,0.0,394.0,1.0,80.0,0,0,1,3+ branch,1 all neighbours foreign,23.0,28.0,0.35714285714285715,2.0
861,5,T7,2.0,0.0,394.0,0.5,163.0,1,1,3,2 path,mixed,12.6129,52.0,0.5384615384615384,1.0
862,2,T3,2.0,0.0,394.0,1.0,156.0,0,0,3,2 path,1 all neighbours foreign,8.5161,52.0,0.4807692307692308,1.0
863,0,unclassified_or_mixed,4.0,0.0,394.0,1.0,80.0,0,0,1,3+ branch,1 all neighbours foreign,14.8182,32.0,0.5625,2.0
864,3,T4,0.0,0.0,1.0,,389.0,0,0,0,0 isolated,,3.6283,212.0,0.35377358490566035,2.0
865,3,T4,0.0,0.0,1.0,,389.0,0,0,0,0 isolated,,3.2146,268.0,0.3619402985074627,2.0
866,0,unclassified_or_mixed,4.0,0.0,394.0,1.0,80.0,0,0,1,3+ branch,1 all neighbours foreign,20.5294,38.0,0.47368421052631576,2.0
867,3,T4,0.0,0.0,1.0,,389.0,0,0,0,0 isolated,,2.0872,170.0,0.3058823529411765,1.0
868,4,T5,0.0,0.0,1.0,,177.0,1,1,0,0 isolated,,2.7975,915.0,0.41092896174863386,1.0
869,1,T1,3.0,0.0,16.0,0.0,18.0,1,1,1,3+ branch,0 no foreign neighbour,7.3394,10983.0,0.4516980788491305,1.0
870,1,T1,4.0,0.0,16.0,0.0,18.0,1,1,1,3+ branch,0 no foreign neighbour,10.0,22.0,0.2727272727272727,1.0
871,2,T3,4.0,0.0,394.0,0.5,156.0,1,1,1,3+ branch,mixed,11.7536,90.0,0.45555555555555555,0.0
872,4,T5,0.0,0.0,1.0,,177.0,1,1,0,0 isolated,,2.1916,188.0,0.31382978723404253,1.0
873,1,T1,3.0,0.0,16.0,0.0,18.0,1,1,1,3+ branch,0 no foreign neighbour,6.0306,839.0,0.46722288438617404,1.0
874,3,T4,0.0,0.0,1.0,,389.0,0,0,0,0 isolated,,2.0464,710.0,0.34225352112676055,2.0
875,2,T3,2.0,0.0,394.0,1.0,156.0,0,0,3,2 path,1 all neighbours foreign,7.1652,475.0,0.4968421052631579,1.0
876,3,T4,0.0,0.0,1.0,,389.0,0,0,0,0 isolated,,2.4221,1035.0,0.3169082125603865,2.0
877,5,T7,2.0,0.0,394.0,1.0,163.0,1,1,3,2 path,1 all neighbours foreign,8.663,475.0,0.49473684210526314,1.0
878,4,T5,0.0,0.0,1.0,,177.0,1,1,0,0 isolated,,2.6721,1619.0,0.3977764051883879,1.0
879,0,unclassified_or_mixed,4.0,0.0,394.0,1.0,80.0,0,0,1,3+ branch,1 all neighbours foreign,18.0,25.0,0.52,2.0
880,2,T3,4.0,0.0,394.0,0.5,156.0,1,1,1,3+ branch,mixed,10.7703,95.0,0.5052631578947369,1.0
881,0,unclassified_or_mixed,4.0,0.0,394.0,1.0,80.0,0,0,1,3+ branch,1 all neighbours foreign,16.5,27.0,0.4074074074074074,2.0
882,2,T3,2.0,0.0,394.0,1.0,156.0,0,0,3,2 path,1 all neighbours foreign,4.875,77.0,0.5714285714285714,1.0
883,5,T7,2.0,0.0,394.0,0.0,163.0,1,0,3,2 path,0 no foreign neighbour,9.2679,77.0,0.5584415584415584,1.0
884,3,T4,0.0,0.0,1.0,,389.0,0,0,0,0 isolated,,2.097,660.0,0.34393939393939393,2.0
885,5,T7,4.0,0.0,394.0,0.5,163.0,1,1,1,3+ branch,mixed,13.2059,89.0,0.4606741573033708,0.0
886,5,T7,2.0,0.0,394.0,1.0,163.0,1,0,3,2 path,1 all neighbours foreign,8.8905,304.0,0.5328947368421053,1.0
887,4,T5,0.0,0.0,1.0,,177.0,1,1,0,0 isolated,,2.8856,257.0,0.44357976653696496,1.0
888,2,T3,2.0,0.0,394.0,1.0,156.0,0,0,3,2 path,1 all neighbours foreign,9.7378,307.0,0.5472312703583062,1.0
889,3,T4,0.0,0.0,1.0,,389.0,0,0,0,0 isolated,,3.0476,168.0,0.3630952380952381,2.0
890,3,T4,0.0,0.0,1.0,,389.0,0,0,0,0 isolated,,3.1983,253.0,0.32806324110671936,2.0
891,3,T4,0.0,0.0,1.0,,389.0,0,0,0,0 isolated,,2.8151,459.0,0.3442265795206972,2.0
892,2,T3,3.0,0.3333333432674408,394.0,0.3333333333333333,156.0,1,1,1,3+ branch,mixed,9.4982,575.0,0.52,1.0
893,3,T4,0.0,0.0,1.0,,389.0,0,0,0,0 isolated,,2.6719,277.0,0.3140794223826715,2.0
894,4,T5,0.0,0.0,1.0,,177.0,1,1,0,0 isolated,,1.8476,126.0,0.42063492063492064,1.0
895,2,T3,2.0,0.0,394.0,1.0,156.0,0,0,3,2 path,1 all neighbours foreign,9.6945,404.0,0.551980198019802,1.0
896,4,T5,0.0,0.0,1.0,,177.0,1,1,0,0 isolated,,2.0,440.0,0.375,1.0
897,5,T7,2.0,0.0,394.0,1.0,163.0,1,0,3,2 path,1 all neighbours foreign,6.5326,404.0,0.5272277227722773,1.0
898,5,T7,2.0,0.0,394.0,1.0,163.0,1,0,3,2 path,1 all neighbours foreign,7.5059,106.0,0.5,1.0
899,2,T3,2.0,0.0,394.0,0.5,156.0,1,1,1,2 path,mixed,8.0,106.0,0.5,0.0
900,5,T7,3.0,0.0,394.0,0.3333333333333333,163.0,1,1,1,3+ branch,mixed,7.5281,110.0,0.38181818181818183,1.0
901,3,T4,0.0,0.0,1.0,,389.0,0,0,0,0 isolated,,2.5904,585.0,0.39829059829059826,2.0
902,2,T3,3.0,0.0,394.0,0.6666666666666666,156.0,1,1,1,3+ branch,mixed,7.6092,108.0,0.42592592592592593,1.0
903,4,T5,0.0,0.0,1.0,,177.0,1,1,0,0 isolated,,2.4531,394.0,0.4746192893401015,1.0
904,5,T7,2.0,0.0,394.0,1.0,163.0,1,0,3,2 path,1 all neighbours foreign,9.1141,1862.0,0.45864661654135336,1.0
905,3,T4,0.0,0.0,1.0,,389.0,0,0,0,0 isolated,,3.0026,404.0,0.35148514851485146,2.0
906,0,unclassified_or_mixed,4.0,0.0,394.0,1.0,80.0,0,0,1,3+ branch,1 all neighbours foreign,13.0938,53.0,0.49056603773584906,2.0
907,4,T5,0.0,0.0,1.0,,177.0,1,1,0,0 isolated,,3.4138,1512.0,0.37962962962962965,1.0
908,4,T5,0.0,0.0,1.0,,177.0,1,1,0,0 isolated,,2.4313,742.0,0.3692722371967655,1.0
909,3,T4,0.0,0.0,1.0,,389.0,0,0,0,0 isolated,,2.328,210.0,0.43333333333333335,1.0
910,3,T4,0.0,0.0,1.0,,389.0,0,0,0,0 isolated,,3.4326,162.0,0.36419753086419754,2.0
911,3,T4,0.0,0.0,1.0,,389.0,0,0,0,0 isolated,,2.8397,177.0,0.3050847457627119,1.0
912,3,T4,0.0,0.0,1.0,,389.0,0,0,0,0 isolated,,1.4952,126.0,0.36507936507936506,1.0
913,4,T5,0.0,0.0,1.0,,177.0,1,1,0,0 isolated,,1.4124,198.0,0.3787878787878788,1.0
914,3,T4,0.0,0.0,1.0,,389.0,0,0,0,0 isolated,,2.8061,382.0,0.3900523560209424,2.0
915,5,T7,2.0,0.0,394.0,1.0,163.0,1,1,3,2 path,1 all neighbours foreign,7.2353,55.0,0.5272727272727272,1.0
916,2,T3,2.0,0.0,394.0,1.0,156.0,0,0,3,2 path,1 all neighbours foreign,8.5294,55.0,0.5636363636363636,1.0
917,5,T7,3.0,0.0,394.0,0.3333333333333333,163.0,1,1,1,3+ branch,mixed,10.0,57.0,0.38596491228070173,1.0
918,2,T3,3.0,0.0,394.0,0.6666666666666666,156.0,1,1,1,3+ branch,mixed,5.8378,58.0,0.41379310344827586,1.0
919,3,T4,0.0,0.0,1.0,,389.0,0,0,0,0 isolated,,1.8636,329.0,0.3343465045592705,2.0
920,4,T5,0.0,0.0,1.0,,177.0,1,1,0,0 isolated,,2.6902,205.0,0.33658536585365856,1.0
921,4,T5,0.0,0.0,1.0,,177.0,1,1,0,0 isolated,,2.6094,149.0,0.28859060402684567,1.0
922,3,T4,0.0,0.0,1.0,,389.0,0,0,0,0 isolated,,2.1524,126.0,0.36507936507936506,1.0
923,4,T5,0.0,0.0,1.0,,177.0,1,1,0,0 isolated,,3.3978,1127.0,0.4046140195208518,1.0
924,5,T7,2.0,0.0,394.0,0.5,163.0,1,1,4,2 path,mixed,7.473,169.0,0.5088757396449705,1.0
925,5,T7,1.0,0.0,4.0,0.0,163.0,1,1,2,1 tip,0 no foreign neighbour,3.3482,538.0,0.45724907063197023,1.0
926,5,T7,2.0,0.0,4.0,0.0,163.0,1,0,3,2 path,0 no foreign neighbour,3.6216,58.0,0.39655172413793105,1.0
927,2,T3,2.0,0.0,394.0,0.5,156.0,1,0,1,2 path,mixed,11.5405,169.0,0.514792899408284,1.0
928,4,T5,0.0,0.0,1.0,,177.0,1,1,0,0 isolated,,2.8453,874.0,0.38100686498855835,1.0
929,4,T5,1.0,0.0,5.0,0.0,177.0,1,1,2,1 tip,0 no foreign neighbour,4.2275,856.0,0.4053738317757009,1.0
930,4,T5,1.0,0.0,5.0,0.0,177.0,1,1,4,1 tip,0 no foreign neighbour,3.0538,151.0,0.32450331125827814,1.0
931,3,T4,0.0,0.0,1.0,,389.0,0,0,0,0 isolated,,2.8815,578.0,0.3494809688581315,2.0
932,3,T4,0.0,0.0,1.0,,389.0,0,0,0,0 isolated,,3.1377,159.0,0.3270440251572327,2.0
933,3,T4,0.0,0.0,1.0,,389.0,0,0,0,0 isolated,,1.998,519.0,0.3159922928709056,2.0
934,5,T7,3.0,0.0,394.0,0.3333333333333333,163.0,1,1,1,3+ branch,mixed,49.0,22.0,0.36363636363636365,1.0
935,4,T5,0.0,0.0,1.0,,177.0,1,1,0,0 isolated,,2.829,600.0,0.405,1.0
936,4,T5,0.0,0.0,1.0,,177.0,1,1,0,0 isolated,,2.4008,268.0,0.3694029850746269,1.0
937,3,T4,0.0,0.0,1.0,,389.0,0,0,0,0 isolated,,2.5132,553.0,0.37613019891500904,2.0
938,3,T4,0.0,0.0,1.0,,389.0,0,0,0,0 isolated,,2.6952,126.0,0.3333333333333333,1.0
939,3,T4,0.0,0.0,1.0,,389.0,0,0,0,0 isolated,,2.8381,126.0,0.35714285714285715,1.0
940,3,T4,0.0,0.0,1.0,,389.0,0,0,0,0 isolated,,3.2789,211.0,0.4265402843601896,0.0
941,3,T4,2.0,0.0,5.0,0.0,389.0,0,0,4,2 path,0 no foreign neighbour,4.0335,200.0,0.335,2.0
942,3,T4,0.0,0.0,1.0,,389.0,0,0,0,0 isolated,,2.0646,346.0,0.35260115606936415,2.0
943,3,T4,0.0,0.0,1.0,,389.0,0,0,0,0 isolated,,2.0678,360.0,0.37777777777777777,2.0
944,3,T4,0.0,0.0,1.0,,389.0,0,0,0,0 isolated,,3.1403,299.0,0.3210702341137124,1.0
945,3,T4,0.0,0.0,1.0,,389.0,0,0,0,0 isolated,,3.1367,599.0,0.3572621035058431,2.0
946,1,T1,1.0,0.0,16.0,0.0,18.0,1,1,3,1 tip,0 no foreign neighbour,7.0586,499.0,0.4288577154308617,1.0
947,3,T4,0.0,0.0,1.0,,389.0,0,0,0,0 isolated,,2.1264,108.0,0.28703703703703703,1.0
948,3,T4,0.0,0.0,1.0,,389.0,0,0,0,0 isolated,,1.9093,495.0,0.33535353535353535,2.0
949,3,T4,0.0,0.0,1.0,,389.0,0,0,0,0 isolated,,2.5895,345.0,0.3565217391304348,2.0
950,3,T4,0.0,0.0,1.0,,389.0,0,0,0,0 isolated,,1.7429,126.0,0.2698412698412698,1.0
951,3,T4,0.0,0.0,1.0,,389.0,0,0,0,0 isolated,,1.7516,178.0,0.34269662921348315,1.0
952,3,T4,0.0,0.0,1.0,,389.0,0,0,0,0 isolated,,2.4803,529.0,0.30245746691871456,2.0
953,3,T4,0.0,0.0,1.0,,389.0,0,0,0,0 isolated,,2.7774,668.0,0.344311377245509,2.0
954,2,T3,2.0,0.0,394.0,1.0,156.0,0,0,3,2 path,1 all neighbours foreign,7.4735,285.0,0.519298245614035,1.0
955,3,T4,0.0,0.0,1.0,,389.0,0,0,0,0 isolated,,2.3218,195.0,0.37435897435897436,0.0
956,3,T4,0.0,0.0,1.0,,389.0,0,0,0,0 isolated,,2.1144,257.0,0.3968871595330739,2.0
957,5,T7,2.0,0.0,394.0,1.0,163.0,1,0,3,2 path,1 all neighbours foreign,8.4891,342.0,0.47953216374269003,1.0
958,0,unclassified_or_mixed,4.0,0.0,394.0,1.0,80.0,0,0,1,3+ branch,1 all neighbours foreign,20.1538,47.0,0.5106382978723404,2.0
959,4,T5,0.0,0.0,1.0,,177.0,1,1,0,0 isolated,,3.8674,1921.0,0.3971889640812077,1.0
960,3,T4,0.0,0.0,1.0,,389.0,0,0,0,0 isolated,,2.0,98.0,0.41836734693877553,1.0
961,3,T4,0.0,0.0,1.0,,389.0,0,0,0,0 isolated,,2.6816,266.0,0.37969924812030076,2.0
962,1,T1,3.0,1.0,16.0,0.0,18.0,0,0,5,3+ branch,0 no foreign neighbour,6.4766,15945.0,0.46422075885857633,1.0
963,4,T5,0.0,0.0,1.0,,177.0,1,1,0,0 isolated,,2.0,119.0,0.4369747899159664,1.0
964,3,T4,0.0,0.0,1.0,,389.0,0,0,0,0 isolated,,2.1641,283.0,0.24734982332155478,2.0
965,4,T5,0.0,0.0,1.0,,177.0,1,1,0,0 isolated,,2.581,126.0,0.3333333333333333,1.0
966,5,T7,2.0,0.0,394.0,1.0,163.0,1,1,4,2 path,1 all neighbours foreign,2.8033,82.0,0.4634146341463415,0.0
967,2,T3,2.0,0.0,394.0,1.0,156.0,1,1,1,2 path,1 all neighbours foreign,5.5246,82.0,0.45121951219512196,1.0
968,3,T4,0.0,0.0,1.0,,389.0,0,0,0,0 isolated,,2.8779,496.0,0.3346774193548387,2.0
969,5,T7,2.0,0.0,394.0,0.5,163.0,1,0,3,2 path,mixed,10.4261,136.0,0.4852941176470588,0.0
970,2,T3,2.0,0.0,394.0,1.0,156.0,0,0,3,2 path,1 all neighbours foreign,7.9391,136.0,0.4852941176470588,0.0
971,4,T5,0.0,0.0,1.0,,177.0,1,1,0,0 isolated,,3.0436,618.0,0.36893203883495146,1.0
972,4,T5,0.0,0.0,1.0,,177.0,1,1,0,0 isolated,,3.0992,142.0,0.3873239436619718,1.0
973,2,T3,3.0,0.0,394.0,0.0,156.0,0,0,3,3+ branch,0 no foreign neighbour,16.0,23.0,0.43478260869565216,1.0
974,3,T4,0.0,0.0,1.0,,389.0,0,0,0,0 isolated,,3.6949,139.0,0.41007194244604317,2.0
975,4,T5,0.0,0.0,1.0,,177.0,1,1,0,0 isolated,,2.0,106.0,0.3018867924528302,1.0
976,5,T7,3.0,0.0,394.0,0.6666666666666666,163.0,1,1,1,3+ branch,mixed,9.8878,119.0,0.5126050420168067,0.0
977,2,T3,3.0,0.0,394.0,0.6666666666666666,156.0,1,1,1,3+ branch,mixed,10.5769,125.0,0.536,0.0
978,2,T3,3.0,0.3333333432674408,394.0,0.3333333333333333,156.0,1,1,1,3+ branch,mixed,9.7443,1296.0,0.5054012345679012,1.0
979,5,T7,4.0,0.0,394.0,0.5,163.0,1,1,1,3+ branch,mixed,19.75,89.0,0.48314606741573035,1.0
980,2,T3,2.0,0.0,394.0,0.5,156.0,0,0,3,2 path,mixed,8.9677,52.0,0.5576923076923077,1.0
981,5,T7,2.0,0.0,394.0,0.5,163.0,1,0,3,2 path,mixed,7.1935,52.0,0.5384615384615384,1.0
982,0,unclassified_or_mixed,4.0,0.0,394.0,1.0,80.0,0,0,1,3+ branch,1 all neighbours foreign,9.4483,137.0,0.5036496350364964,0.0
