route,n_stops,cohesion,null_cohesion,span
bus:1,53,0.4528301886792453,0.340754716981132,0.10236220061779022
bus:10,47,0.425531914893617,0.3306382978723404,0.0899258702993393
bus:100,48,0.6875,0.3241666666666667,0.10514532029628754
bus:101,41,0.36585365853658536,0.331219512195122,0.5364564657211304
bus:101Э,16,0.4375,0.3925,0.5305854082107544
bus:102,80,0.45,0.316,0.17368216812610626
bus:103,81,0.6049382716049383,0.3353086419753087,0.4185602366924286
bus:105,41,0.5121951219512195,0.32292682926829275,0.08943818509578705
bus:106,39,0.5897435897435898,0.3358974358974358,0.08789844065904617
bus:107,23,0.4782608695652174,0.34782608695652173,0.07826180756092072
bus:108,35,0.6285714285714286,0.3394285714285714,0.14735300838947296
bus:109,38,0.5789473684210527,0.3357894736842105,0.19527366757392883
bus:109Б,43,0.5116279069767442,0.33767441860465114,0.264960914850235
bus:11,48,0.5,0.34291666666666665,0.1868559718132019
bus:110,39,0.5641025641025641,0.33948717948717944,0.19222773611545563
bus:111,40,0.7,0.33549999999999996,0.11010429263114929
bus:112,57,0.42105263157894735,0.3466666666666666,0.20775729417800903
bus:113,25,0.44,0.33039999999999997,0.058892156928777695
bus:114,55,0.5636363636363636,0.32799999999999996,0.19288624823093414
bus:115,16,0.9375,0.375,0.08402025699615479
bus:115А,34,0.8823529411764706,0.3376470588235294,0.14416974782943726
bus:116,53,0.6037735849056604,0.3279245283018868,0.12290345132350922
bus:117,45,0.8666666666666667,0.3502222222222222,0.17455461621284485
bus:118,41,0.5365853658536586,0.344390243902439,0.09402590990066528
bus:119,14,0.7857142857142857,0.3828571428571428,0.07379253208637238
bus:12,60,0.5,0.3303333333333333,0.18886585533618927
bus:120,25,0.52,0.3559999999999999,0.10496164858341217
bus:121,36,0.5,0.345,0.12334220856428146
bus:122,28,0.5,0.3364285714285714,0.05979456380009651
bus:123,79,0.5569620253164557,0.32177215189873415,0.18442820012569427
bus:124,36,0.5555555555555556,0.3583333333333333,0.13223734498023987
bus:125,22,0.5,0.3736363636363636,0.06839724630117416
bus:126,23,0.5652173913043478,0.35826086956521735,0.06711801141500473
bus:127,38,0.5,0.3405263157894737,0.08421935886144638
bus:128,65,0.5384615384615384,0.3495384615384615,0.12019062042236328
bus:13,26,0.5769230769230769,0.35769230769230775,0.05396045744419098
bus:130,47,0.5106382978723404,0.328936170212766,0.1790751963853836
bus:131,18,0.4444444444444444,0.37666666666666665,0.048016518354415894
bus:132,36,0.5277777777777778,0.32611111111111113,0.0990927591919899
bus:133,25,0.44,0.36239999999999994,0.09637568891048431
bus:134,33,0.696969696969697,0.3400000000000001,0.06961695104837418
bus:134А,30,0.5,0.352,0.11247284710407257
bus:134Б,32,0.5,0.3525,0.11754478514194489
bus:135,42,0.6428571428571429,0.3385714285714285,0.08001233637332916
bus:136,51,0.6274509803921569,0.3356862745098039,0.09890098869800568
bus:137,52,0.5,0.32653846153846156,0.14750005304813385
bus:138,10,0.5,0.42400000000000004,0.09405209124088287
bus:139,38,0.5789473684210527,0.33578947368421047,0.11950194090604782
bus:13А,32,0.46875,0.340625,0.05935187637805939
bus:14,29,0.3448275862068966,0.33793103448275863,0.09916622191667557
bus:140,34,0.6470588235294118,0.34529411764705886,0.10074462741613388
bus:141,56,0.5714285714285714,0.32678571428571423,0.1453152447938919
bus:142,33,0.696969696969697,0.363030303030303,0.1205524429678917
bus:143,32,0.59375,0.34875,0.053509440273046494
bus:144,20,0.7,0.375,0.04478728398680687
bus:145,70,0.7,0.31942857142857145,0.2673942744731903
bus:145Б,60,0.6166666666666667,0.32933333333333337,0.22857914865016937
bus:145Э,30,0.7666666666666667,0.3499999999999999,0.2673942744731903
bus:146,9,0.4444444444444444,0.4288888888888889,0.07629217207431793
bus:147,70,0.5,0.3265714285714285,0.31743764877319336
bus:148,51,0.43137254901960786,0.3301960784313725,0.14429883658885956
bus:149,23,0.6086956521739131,0.382608695652174,0.04872743785381317
bus:149А,11,0.6363636363636364,0.38727272727272727,0.02418893575668335
bus:15,53,0.5660377358490566,0.33584905660377357,0.15771882236003876
bus:150,35,0.6,0.352,0.2016107738018036
bus:151,34,0.7352941176470589,0.361764705882353,0.07460944354534149
bus:152,34,0.7058823529411765,0.33764705882352936,0.0732925608754158
bus:153,62,0.6129032258064516,0.33903225806451615,0.1661083698272705
bus:154,26,0.5769230769230769,0.3423076923076923,0.0721210390329361
bus:154А,15,0.6,0.37199999999999994,0.06343793869018555
bus:155,31,0.6774193548387096,0.35806451612903234,0.1249709278345108
bus:157,33,0.8181818181818182,0.33696969696969703,0.09084224700927734
bus:158,20,0.65,0.376,0.050635796040296555
bus:159,43,0.5116279069767442,0.3386046511627907,0.12710875272750854
bus:16,28,0.6785714285714286,0.3535714285714286,0.05939115956425667
bus:160,40,0.525,0.3440000000000001,0.14482684433460236
bus:161,33,0.45454545454545453,0.3412121212121212,0.05917879566550255
bus:162,59,0.4576271186440678,0.32779661016949146,0.33332234621047974
bus:163,41,0.43902439024390244,0.36292682926829267,0.19246497750282288
bus:164,36,0.5,0.34444444444444444,0.06799964606761932
bus:165,65,0.676923076923077,0.3449230769230769,0.19482482969760895
bus:166,19,0.5263157894736842,0.38315789473684203,0.055044025182724
bus:167,23,0.782608695652174,0.34695652173913044,0.045496199280023575
bus:168,16,0.375,0.36875,0.05201971158385277
bus:169,44,0.45454545454545453,0.34545454545454546,0.07168090343475342
bus:170,70,0.5285714285714286,0.3322857142857142,0.11391683667898178
bus:171,53,0.49056603773584906,0.3373584905660378,0.09671584516763687
bus:172,53,0.39622641509433965,0.34339622641509426,0.11184138804674149
bus:173,27,0.7777777777777778,0.3437037037037037,0.14155681431293488
bus:174,50,0.68,0.33399999999999996,0.10160333663225174
bus:175,21,0.7142857142857143,0.36285714285714277,0.12728361785411835
bus:176,62,0.5806451612903226,0.327741935483871,0.12088432908058167
bus:177,24,0.5833333333333334,0.36666666666666664,0.06972896307706833
bus:178,47,0.6170212765957447,0.3314893617021277,0.11228801310062408
bus:179,34,0.6470588235294118,0.3494117647058823,0.2068435549736023
bus:18,32,0.46875,0.34375,0.09659718722105026
bus:180,67,0.4925373134328358,0.3319402985074626,0.14907066524028778
bus:180А,21,0.6666666666666666,0.3742857142857142,0.046106815338134766
bus:181,49,0.32653061224489793,0.3497959183673469,0.17178663611412048
bus:182,42,0.5,0.3338095238095238,0.09481340646743774
bus:183,55,0.5636363636363636,0.3218181818181818,0.12169384211301804
bus:184,57,0.5614035087719298,0.33298245614035094,0.10580091178417206
bus:185,52,0.5,0.3376923076923077,0.15933950245380402
bus:186,49,0.5306122448979592,0.34775510204081633,0.15084326267242432
bus:187,37,0.5405405405405406,0.34216216216216216,0.17280255258083344
bus:188,34,0.47058823529411764,0.3658823529411764,0.1818847507238388
bus:189,46,0.717391304347826,0.32826086956521733,0.26640021800994873
bus:19,21,0.3333333333333333,0.34476190476190466,0.03700800612568855
bus:190,16,0.6875,0.37125,0.04149194806814194
bus:191,67,0.4626865671641791,0.3376119402985075,0.21403683722019196
bus:192,48,0.6875,0.34291666666666665,0.2908304035663605
bus:193,25,0.52,0.3648,0.12060559540987015
bus:194,21,0.5714285714285714,0.3657142857142857,0.15490224957466125
bus:195,26,0.38461538461538464,0.3561538461538462,0.1373506784439087
bus:196,36,0.5833333333333334,0.3261111111111111,0.25638696551322937
bus:197,25,0.88,0.3608,0.17686337232589722
bus:198,48,0.5833333333333334,0.34208333333333335,0.07043153792619705
bus:199,56,0.5892857142857143,0.3325,0.14301156997680664
bus:1КР,16,0.8125,0.3675,0.0452711321413517
bus:1Л,24,0.5416666666666666,0.36083333333333334,0.12919248640537262
bus:1МА,26,0.5769230769230769,0.34461538461538455,0.12830568850040436
bus:2,73,0.5068493150684932,0.3328767123287671,0.1789073646068573
bus:20,36,0.5833333333333334,0.345,0.16086548566818237
bus:200,84,0.5,0.33071428571428574,0.49799036979675293
bus:201,52,0.5576923076923077,0.3411538461538461,0.3284055292606354
bus:202,58,0.6896551724137931,0.32275862068965516,0.23085574805736542
bus:203,45,0.6444444444444445,0.3319999999999999,0.11901739239692688
bus:204Э,60,0.5166666666666667,0.32499999999999996,0.4983236491680145
bus:205,9,0.8888888888888888,0.40666666666666657,0.028286267071962357
bus:206,45,0.5333333333333333,0.3417777777777777,0.10662192106246948
bus:207,32,0.375,0.345,0.6147068738937378
bus:208,51,0.5686274509803921,0.3466666666666666,0.15147964656352997
bus:209,18,0.3888888888888889,0.3744444444444445,0.057987671345472336
bus:21,32,0.53125,0.361875,0.0955645740032196
bus:210,78,0.5897435897435898,0.34512820512820513,0.437242716550827
bus:211,79,0.5443037974683544,0.3301265822784809,0.640860378742218
bus:211Э,28,0.6071428571428571,0.3392857142857143,0.6407531499862671
bus:213,27,0.48148148148148145,0.34666666666666673,0.3418455719947815
bus:214А,12,0.6666666666666666,0.40833333333333327,0.03517482429742813
bus:214Б,10,0.8,0.408,0.031075648963451385
bus:215,30,0.36666666666666664,0.36666666666666664,0.27269989252090454
bus:216,31,0.8064516129032258,0.3445161290322581,0.2776585519313812
bus:216А,47,0.6382978723404256,0.3497872340425532,0.3252365291118622
bus:219,32,0.625,0.348125,0.09640912711620331
bus:22,65,0.3384615384615385,0.32707692307692304,0.2130783498287201
bus:220,41,0.6829268292682927,0.33951219512195124,0.09630656987428665
bus:221,42,0.5238095238095238,0.3571428571428571,0.11756128817796707
bus:222,58,0.6896551724137931,0.32827586206896553,0.15085984766483307
bus:223,29,0.5862068965517241,0.3448275862068966,0.061570413410663605
bus:225,55,0.5454545454545454,0.324,0.1381799280643463
bus:226,67,0.8805970149253731,0.33343283582089556,0.20265965163707733
bus:227,63,0.47619047619047616,0.3371428571428571,0.12538942694664001
bus:228,25,0.4,0.3536000000000001,0.0689624473452568
bus:229,49,0.8163265306122449,0.32816326530612244,0.17776980996131897
bus:23,31,0.5161290322580645,0.33870967741935487,0.07762820273637772
bus:230,62,0.3064516129032258,0.32806451612903226,0.2141563892364502
bus:231,26,0.5,0.3507692307692307,0.04445622116327286
bus:232,20,0.65,0.375,0.10048014670610428
bus:233,14,0.6428571428571429,0.36857142857142855,0.04347679764032364
bus:234,50,0.76,0.33000000000000007,0.1499566286802292
bus:235,45,0.4222222222222222,0.3502222222222221,0.08666432648897171
bus:236,36,0.3888888888888889,0.33333333333333337,0.07404088973999023
bus:237,53,0.5849056603773585,0.33773584905660387,0.17061355710029602
bus:239,67,0.746268656716418,0.32029850746268657,0.37541013956069946
bus:24,56,0.5535714285714286,0.3285714285714286,0.22553972899913788
bus:240,23,0.5217391304347826,0.3869565217391304,0.08431999385356903
bus:241,41,0.6097560975609756,0.3521951219512196,0.22684839367866516
bus:242,33,0.42424242424242425,0.35090909090909084,0.16778989136219025
bus:243,50,0.72,0.33520000000000005,0.2157793939113617
bus:244,23,0.4782608695652174,0.3556521739130435,0.07629702985286713
bus:245,60,0.5833333333333334,0.33833333333333326,0.2432127594947815
bus:246,56,0.5357142857142857,0.3292857142857143,0.21123814582824707
bus:247,30,0.5333333333333333,0.3413333333333333,0.15586122870445251
bus:248,13,0.46153846153846156,0.42153846153846153,0.06448391824960709
bus:249,84,0.34523809523809523,0.33119047619047615,0.2368423342704773
bus:25,35,0.3142857142857143,0.3537142857142856,0.07500019669532776
bus:250,30,0.36666666666666664,0.35200000000000004,0.1384231448173523
bus:251,45,0.6222222222222222,0.3355555555555555,0.10500507801771164
bus:252,59,0.5254237288135594,0.3498305084745763,0.2469818890094757
bus:253,50,0.78,0.3368,0.11930850893259048
bus:254,15,0.8666666666666667,0.38,0.12338246405124664
bus:255А,23,0.5217391304347826,0.3608695652173913,0.050380125641822815
bus:255Б,21,0.6666666666666666,0.3628571428571427,0.04877554625272751
bus:256,37,0.5135135135135135,0.33027027027027034,0.18560561537742615
bus:258,23,0.43478260869565216,0.3408695652173913,0.061954911798238754
bus:259,40,0.575,0.3435,0.21690979599952698
bus:26,71,0.6901408450704225,0.33154929577464787,0.18715186417102814
bus:260,26,0.7307692307692307,0.35692307692307684,0.08324138075113297
bus:261,16,0.5625,0.37,0.03575412929058075
bus:262,50,0.76,0.326,0.11551619321107864
bus:263,48,0.4791666666666667,0.3475,0.1310223788022995
bus:264,75,0.5333333333333333,0.3378666666666667,0.13800983130931854
bus:265,39,0.41025641025641024,0.33230769230769225,0.12631632387638092
bus:267,56,0.4107142857142857,0.33714285714285713,0.16548696160316467
bus:269,10,0.6,0.40199999999999997,0.027036258950829506
bus:27,56,0.4642857142857143,0.3371428571428571,0.21583566069602966
bus:270,19,0.7368421052631579,0.34736842105263155,0.08688372373580933
bus:271,91,0.5384615384615384,0.3382417582417582,0.1878044158220291
bus:272,28,0.8214285714285714,0.34714285714285714,0.12344517558813095
bus:273,36,0.4166666666666667,0.33666666666666667,0.3271026909351349
bus:275,71,0.5070422535211268,0.32760563380281693,0.16185611486434937
bus:278,23,0.4782608695652174,0.3652173913043478,0.05932021141052246
bus:279,44,0.5454545454545454,0.34090909090909094,0.10598304867744446
bus:28,57,0.6491228070175439,0.3385964912280701,0.18458284437656403
bus:281,44,0.5,0.3463636363636363,0.10413417220115662
bus:282,24,0.5833333333333334,0.35166666666666674,0.05757683143019676
bus:283,36,0.4444444444444444,0.3383333333333334,0.13201837241649628
bus:284,40,0.45,0.3405,0.15475498139858246
bus:285,23,0.6521739130434783,0.34173913043478266,0.06488689035177231
bus:286,39,0.5897435897435898,0.3358974358974358,0.11170034110546112
bus:287,17,0.47058823529411764,0.38117647058823534,0.09503022581338882
bus:288,74,0.40540540540540543,0.3286486486486486,0.17985692620277405
bus:290,70,0.38571428571428573,0.32171428571428573,0.27748170495033264
bus:293,44,0.6136363636363636,0.34772727272727266,0.16934405267238617
bus:294,75,0.5733333333333334,0.32666666666666666,0.2452678382396698
bus:295,54,0.5370370370370371,0.33592592592592596,0.13945242762565613
bus:297,32,0.5,0.353125,0.11708593368530273
bus:299,66,0.4090909090909091,0.3254545454545454,0.24211423099040985
bus:2А,43,0.8372093023255814,0.3455813953488372,0.09800922870635986
bus:2КР,21,0.47619047619047616,0.35238095238095235,0.11751604825258255
bus:2Л,22,0.6818181818181818,0.3790909090909091,0.12728361785411835
bus:2МБ,27,0.7777777777777778,0.34296296296296286,0.07948380708694458
bus:3,67,0.417910447761194,0.32238805970149254,0.12478487193584442
bus:30,24,0.4583333333333333,0.34916666666666674,0.097232386469841
bus:300,48,0.6875,0.34875000000000006,0.17451554536819458
bus:301,44,0.6136363636363636,0.33409090909090916,0.29951682686805725
bus:302,17,0.47058823529411764,0.3752941176470587,0.06266670674085617
bus:303,24,0.625,0.3683333333333334,0.24002669751644135
bus:304,45,0.4,0.33333333333333326,0.634688675403595
bus:305,9,0.4444444444444444,0.43333333333333335,0.07778648287057877
bus:306,23,0.6956521739130435,0.3565217391304348,0.06571086496114731
bus:307,26,0.46153846153846156,0.35230769230769227,0.07105809450149536
bus:309,27,0.4444444444444444,0.34888888888888886,0.071444071829319
bus:31,53,0.5471698113207547,0.3381132075471697,0.14413318037986755
bus:310,13,0.46153846153846156,0.38615384615384607,0.04661990702152252
bus:311,19,0.6842105263157895,0.3526315789473684,0.03518671914935112
bus:312,17,0.6470588235294118,0.3670588235294117,0.03459774702787399
bus:315,37,0.4594594594594595,0.34216216216216216,0.21293218433856964
bus:315.,36,0.4722222222222222,0.3449999999999999,0.21293218433856964
bus:318,14,0.9285714285714286,0.36,0.1519269496202469
bus:319,18,0.7222222222222222,0.3622222222222222,0.20175541937351227
bus:321,9,0.4444444444444444,0.3933333333333333,0.049134474247694016
bus:322,17,0.7647058823529411,0.35764705882352943,0.1565578579902649
bus:324,32,0.65625,0.355,0.211030513048172
bus:325,50,0.5,0.32839999999999997,0.19591766595840454
bus:326,61,0.5901639344262295,0.32491803278688525,0.26396775245666504
bus:327,55,0.509090909090909,0.32909090909090905,0.19030514359474182
bus:328,50,0.56,0.34240000000000004,0.18733900785446167
bus:329,79,0.4810126582278481,0.3275949367088608,0.4261530935764313
bus:33,33,0.3939393939393939,0.35030303030303034,0.12498920410871506
bus:330,29,0.6896551724137931,0.3393103448275862,0.20145444571971893
bus:331,10,0.7,0.40800000000000003,0.034738559275865555
bus:332,45,0.7111111111111111,0.3315555555555555,0.16140630841255188
bus:333,53,0.7358490566037735,0.3324528301886792,0.18024587631225586
bus:335,27,0.48148148148148145,0.3688888888888889,0.11518550664186478
bus:335А,44,0.5909090909090909,0.3309090909090909,0.12891918420791626
bus:336,37,0.8918918918918919,0.34,0.11034200340509415
bus:337,45,0.7111111111111111,0.34355555555555556,0.09327097982168198
bus:337А,42,0.7619047619047619,0.34523809523809523,0.09263841062784195
bus:339,20,0.55,0.361,0.05955006927251816
bus:34,34,0.6470588235294118,0.34764705882352936,0.06889664381742477
bus:342,34,0.5588235294117647,0.33882352941176463,0.15842773020267487
bus:343Э,49,0.5510204081632653,0.33510204081632655,0.4907345473766327
bus:345,32,0.5625,0.343125,0.13546636700630188
bus:347,16,0.625,0.37125,0.062377847731113434
bus:348,48,0.5625,0.3420833333333333,0.21054621040821075
bus:349,34,0.6176470588235294,0.33294117647058824,0.11615472286939621
bus:35,14,0.7857142857142857,0.40285714285714286,0.06021009385585785
bus:350,12,0.4166666666666667,0.4016666666666666,0.042297251522541046
bus:351А,24,0.5,0.3499999999999999,0.08162090927362442
bus:351Б,23,0.5217391304347826,0.3573913043478262,0.0816870778799057
bus:352,32,0.53125,0.33625,0.10965722054243088
bus:353,20,0.55,0.386,0.08162090927362442
bus:354,24,0.375,0.35333333333333333,0.10135255008935928
bus:355,15,0.4666666666666667,0.3653333333333333,0.04183097556233406
bus:356,31,0.7419354838709677,0.34838709677419355,0.07940871268510818
bus:357,31,0.7096774193548387,0.34838709677419355,0.05919107422232628
bus:358,14,0.5,0.3685714285714285,0.056443288922309875
bus:359,81,0.48148148148148145,0.337283950617284,0.34058424830436707
bus:36,51,0.7058823529411765,0.3329411764705882,0.11374493688344955
bus:360,23,0.7391304347826086,0.34695652173913044,0.08465290069580078
bus:364,40,0.8,0.3455,0.08568904548883438
bus:366,23,0.6956521739130435,0.36869565217391304,0.05847165361046791
bus:367,26,0.7307692307692307,0.3561538461538462,0.0732552781701088
bus:368,25,0.6,0.3632,0.0757165178656578
bus:369,21,0.6666666666666666,0.359047619047619,0.05729097127914429
bus:37,48,0.5416666666666666,0.32416666666666666,0.15221773087978363
bus:370,32,0.4375,0.339375,0.08658342063426971
bus:371,16,0.375,0.385,0.03735637664794922
bus:373,21,0.42857142857142855,0.36,0.043626658618450165
bus:374,34,0.5,0.34058823529411764,0.16631297767162323
bus:375,35,0.5714285714285714,0.3525714285714286,0.07931428402662277
bus:375А,28,0.6428571428571429,0.35857142857142854,0.08216671645641327
bus:376,37,0.40540540540540543,0.3394594594594594,0.07820358127355576
bus:377,31,0.3225806451612903,0.35096774193548386,0.16951197385787964
bus:378,25,0.48,0.34480000000000005,0.09180336445569992
bus:379,14,0.42857142857142855,0.3757142857142858,0.05110090598464012
bus:38,30,0.6333333333333333,0.348,0.07752066850662231
bus:380,25,0.44,0.368,0.10145596414804459
bus:381,34,0.4117647058823529,0.33705882352941174,0.07644237577915192
bus:382,23,0.4782608695652174,0.35478260869565226,0.0499192550778389
bus:383,28,0.39285714285714285,0.35285714285714276,0.08258046209812164
bus:384,17,0.4117647058823529,0.3623529411764705,0.04769245162606239
bus:385,39,0.358974358974359,0.35999999999999993,0.11682412028312683
bus:386,39,0.8205128205128205,0.33743589743589736,0.06284955143928528
bus:388,22,0.7272727272727273,0.34181818181818185,0.17055676877498627
bus:39,25,0.72,0.3655999999999999,0.08203257620334625
bus:390,18,0.7777777777777778,0.38666666666666666,0.041183676570653915
bus:392,39,0.5384615384615384,0.3405128205128205,0.06530909240245819
bus:394,11,0.7272727272727273,0.40909090909090906,0.05386311188340187
bus:396,13,0.7692307692307693,0.39076923076923076,0.08330553025007248
bus:396А,32,0.4375,0.344375,0.12872810661792755
bus:397,36,0.6666666666666666,0.3277777777777778,0.10151275992393494
bus:398,8,0.75,0.4275,0.0415632463991642
bus:399,23,0.43478260869565216,0.37391304347826093,0.08523067831993103
bus:3АЛ,11,0.36363636363636365,0.41272727272727266,0.028454255312681198
bus:3КР,20,0.55,0.373,0.08158441632986069
bus:3Л,15,0.5333333333333333,0.3573333333333333,0.028454255312681198
bus:4,21,0.42857142857142855,0.359047619047619,0.055857788771390915
bus:40,74,0.5540540540540541,0.3386486486486487,0.1617325097322464
bus:404,16,0.625,0.395,0.22355714440345764
bus:406,26,0.6538461538461539,0.34615384615384615,0.47122108936309814
bus:408,8,1.0,0.455,0.06509596854448318
bus:41,24,0.5416666666666666,0.3516666666666666,0.06856581568717957
bus:410,22,0.7272727272727273,0.3499999999999999,0.1908150166273117
bus:415,19,0.6842105263157895,0.35052631578947363,0.15785636007785797
bus:415Ш,13,0.38461538461538464,0.3846153846153845,0.083536297082901
bus:42,25,0.68,0.3624,0.06842228025197983
bus:420,54,0.2777777777777778,0.33666666666666667,0.7447571158409119
bus:420А,46,0.32608695652173914,0.3326086956521739,0.7014531493186951
bus:420Б,33,0.3939393939393939,0.33333333333333337,0.4841479957103729
bus:43,18,0.8888888888888888,0.37444444444444436,0.060602374374866486
bus:433,47,0.5957446808510638,0.3527659574468085,0.19644498825073242
bus:435,46,0.6304347826086957,0.3230434782608696,0.28832921385765076
bus:436,66,0.4696969696969697,0.3296969696969697,0.3395777642726898
bus:438,48,0.6458333333333334,0.335,0.24122783541679382
bus:438З,38,0.5526315789473685,0.3305263157894737,0.21391752362251282
bus:443,18,0.5555555555555556,0.3633333333333333,0.24069398641586304
bus:446,18,0.8888888888888888,0.37777777777777777,0.1276700347661972
bus:45,9,0.4444444444444444,0.38888888888888884,0.0215864647179842
bus:454,28,0.5357142857142857,0.3557142857142857,0.5340594053268433
bus:458,34,0.5882352941176471,0.33705882352941174,0.16186513006687164
bus:458А,13,0.7692307692307693,0.4076923076923076,0.1459810435771942
bus:458Б,34,0.5882352941176471,0.34470588235294114,0.16186513006687164
bus:46,54,0.5555555555555556,0.3348148148148148,0.1539093255996704
bus:461,15,0.8666666666666667,0.38666666666666666,0.12587399780750275
bus:463,51,0.8823529411764706,0.3513725490196078,0.6184030175209045
bus:463А,50,0.88,0.324,0.5499181747436523
bus:469,18,0.4444444444444444,0.3655555555555555,0.7948818802833557
bus:475,45,0.5333333333333333,0.3502222222222222,0.7257400155067444
bus:476,36,0.6666666666666666,0.33888888888888885,0.2783278822898865
bus:477,12,0.6666666666666666,0.3949999999999999,0.039967942982912064
bus:48,15,0.9333333333333333,0.384,0.030726755037903786
bus:481,50,0.72,0.3468,0.45824679732322693
bus:482,59,0.8135593220338984,0.3240677966101695,0.8409273624420166
bus:482В,56,0.8571428571428571,0.3371428571428571,0.7950201630592346
bus:483,35,0.6285714285714286,0.33199999999999996,0.5518123507499695
bus:483А,34,0.6176470588235294,0.35764705882352943,0.5518123507499695
bus:484,55,0.6727272727272727,0.3250909090909091,0.49058035016059875
bus:485,23,0.391304347826087,0.3739130434782609,0.2359192967414856
bus:487,57,0.6666666666666666,0.34,1.1890541315078735
bus:489,40,0.825,0.352,0.3344116508960724
bus:49,37,0.7297297297297297,0.34216216216216216,0.12563394010066986
bus:493,17,0.35294117647058826,0.3541176470588235,0.11573050171136856
bus:497,22,0.8636363636363636,0.34454545454545454,0.1132977232336998
bus:4Л,17,0.5294117647058824,0.37529411764705883,0.056029532104730606
bus:5,46,0.43478260869565216,0.3278260869565217,0.10365940630435944
bus:50,60,0.5166666666666667,0.33399999999999996,0.16207042336463928
bus:52,21,0.47619047619047616,0.35523809523809513,0.07309795171022415
bus:53,41,0.7804878048780488,0.3541463414634146,0.14033621549606323
bus:54,52,0.5769230769230769,0.32076923076923075,0.14289455115795135
bus:540,36,0.5,0.3483333333333333,0.2414899319410324
bus:544,17,0.5882352941176471,0.3752941176470588,0.0786748081445694
bus:545,44,0.5,0.3377272727272727,0.12199284881353378
bus:547,25,0.68,0.3488,0.2593708634376526
bus:55,9,0.4444444444444444,0.4066666666666666,0.020022984594106674
bus:552,15,0.6666666666666666,0.364,0.11510327458381653
bus:552А,16,0.6875,0.3675,0.11510327458381653
bus:555,37,0.43243243243243246,0.34,0.36767202615737915
bus:56,40,0.475,0.34099999999999997,0.14957857131958008
bus:567,43,0.37209302325581395,0.34883720930232565,0.261165976524353
bus:57,35,0.9142857142857143,0.3257142857142858,0.11674720793962479
bus:58,20,0.55,0.365,0.05848577991127968
bus:59,43,0.5813953488372093,0.3344186046511628,0.10330638289451599
bus:6,46,0.717391304347826,0.3486956521739131,0.08632627129554749
bus:60,53,0.4716981132075472,0.3343396226415094,0.11152733117341995
bus:61,23,0.34782608695652173,0.35826086956521735,0.1022273451089859
bus:62,41,0.5609756097560976,0.3414634146341463,0.06489932537078857
bus:63,35,0.7142857142857143,0.3485714285714285,0.08901569247245789
bus:64,41,0.4634146341463415,0.34390243902439027,0.09743395447731018
bus:65,31,0.4838709677419355,0.35161290322580646,0.14569884538650513
bus:66,41,0.7560975609756098,0.3390243902439024,0.07633886486291885
bus:67,18,0.8888888888888888,0.3677777777777777,0.08409112691879272
bus:68,42,0.4523809523809524,0.3338095238095238,0.15302155911922455
bus:682,27,0.8148148148148148,0.3451851851851852,0.3593103587627411
bus:683,28,0.75,0.3557142857142857,0.38626736402511597
bus:683А,17,0.8235294117647058,0.37294117647058816,0.34083715081214905
bus:684,37,0.8648648648648649,0.32594594594594595,0.5699966549873352
bus:685А,37,0.8108108108108109,0.3648648648648649,0.6830112934112549
bus:686,35,0.8857142857142857,0.3314285714285714,0.522299587726593
bus:68А,42,0.4523809523809524,0.34476190476190466,0.1672002226114273
bus:69,25,0.64,0.3464,0.056575044989585876
bus:7,56,0.5714285714285714,0.34071428571428586,0.1478423774242401
bus:70,38,0.8947368421052632,0.35,0.10668681561946869
bus:71,35,0.9428571428571428,0.3462857142857142,0.107096828520298
bus:72,45,0.6,0.3506666666666666,0.13128405809402466
bus:73,30,0.4666666666666667,0.3586666666666667,0.06891749054193497
bus:74,59,0.576271186440678,0.33593220338983054,0.14046578109264374
bus:75,35,0.7714285714285715,0.3439999999999999,0.19761952757835388
bus:76,69,0.4927536231884058,0.3307246376811594,0.18968582153320312
bus:77,20,0.5,0.39100000000000007,0.07124152779579163
bus:78,25,0.48,0.3696000000000001,0.07863755524158478
bus:79,38,0.6842105263157895,0.3589473684210526,0.10527904331684113
bus:7Л,17,0.5294117647058824,0.36823529411764705,0.03237375244498253
bus:8,41,0.7560975609756098,0.33560975609756105,0.12689213454723358
bus:80,53,0.4716981132075472,0.33471698113207543,0.13858041167259216
bus:81,41,0.5365853658536586,0.34048780487804875,0.18363727629184723
bus:83,29,0.7586206896551724,0.36344827586206896,0.10567650198936462
bus:830,14,0.7857142857142857,0.39428571428571424,1.7497124671936035
bus:84,22,0.5454545454545454,0.37363636363636366,0.11543416976928711
bus:842,9,0.7777777777777778,0.43111111111111117,2.2058799266815186
bus:85,49,0.5306122448979592,0.3408163265306123,0.11868607997894287
bus:86,37,0.35135135135135137,0.33891891891891895,0.11253374814987183
bus:87,36,0.5555555555555556,0.3455555555555555,0.1171344593167305
bus:88,18,0.5,0.36333333333333334,0.06639951467514038
bus:89,16,0.5625,0.37625,0.07500533014535904
bus:9,35,0.6571428571428571,0.33485714285714274,0.11336155235767365
bus:90,20,0.7,0.39000000000000007,0.10314703732728958
bus:91,25,0.88,0.352,0.06373143941164017
bus:92,24,0.5,0.3575,0.06985035538673401
bus:93,74,0.5675675675675675,0.33135135135135135,0.24676106870174408
bus:94,39,0.5641025641025641,0.3435897435897436,0.14209070801734924
bus:95,56,0.7857142857142857,0.32892857142857146,0.1351321041584015
bus:96,18,0.7222222222222222,0.37,0.07514998316764832
bus:960,11,0.8181818181818182,0.38,0.8525765538215637
bus:97,60,0.5333333333333333,0.34133333333333327,0.1290547102689743
bus:98,34,0.7647058823529411,0.34058823529411764,0.12078022211790085
bus:99,24,0.5416666666666666,0.3783333333333333,0.08378101140260696
tram:1,17,0.8823529411764706,0.37647058823529406,0.043452829122543335
tram:10,43,0.4186046511627907,0.33767441860465114,0.10009319335222244
tram:100,31,0.5161290322580645,0.3393548387096774,0.11537434160709381
tram:16,39,0.8974358974358975,0.344102564102564,0.10018137097358704
tram:18,13,0.8461538461538461,0.36923076923076925,0.038507163524627686
tram:19,10,0.5,0.39599999999999996,0.06511969864368439
tram:20,43,0.46511627906976744,0.33116279069767446,0.11407502740621567
tram:21,35,0.5714285714285714,0.34514285714285714,0.1273902952671051
tram:23,47,0.40425531914893614,0.3302127659574468,0.16174334287643433
tram:24,30,0.5333333333333333,0.34199999999999986,0.156991109251976
tram:27,49,0.6326530612244898,0.33428571428571435,0.1125398576259613
tram:29,26,0.6923076923076923,0.35692307692307684,0.07447709888219833
tram:29В,15,0.6666666666666666,0.3786666666666666,0.04547877237200737
tram:3,28,0.5,0.31571428571428567,0.08752182126045227
tram:30,13,0.46153846153846156,0.4,0.05990004912018776
tram:36,37,0.43243243243243246,0.3389189189189189,0.21833164989948273
tram:38,24,0.4583333333333333,0.3466666666666666,0.09064541757106781
tram:39,30,0.6,0.352,0.11367831379175186
tram:40,48,0.3958333333333333,0.3449999999999999,0.14413008093833923
tram:41,35,0.7428571428571429,0.3497142857142857,0.09125909954309464
tram:43,29,0.8275862068965517,0.33862068965517245,0.0697358250617981
tram:45,38,0.7894736842105263,0.33789473684210525,0.09213334321975708
tram:47,18,0.3333333333333333,0.3622222222222222,0.08337507396936417
tram:48,29,0.4482758620689655,0.3572413793103448,0.16462531685829163
tram:49,30,0.8,0.34600000000000003,0.08526481688022614
tram:51,21,0.47619047619047616,0.3495238095238095,0.07375097274780273
tram:52,28,0.5714285714285714,0.3357142857142857,0.12578527629375458
tram:55,49,0.46938775510204084,0.3416326530612245,0.1507587730884552
tram:56,22,0.3181818181818182,0.36272727272727273,0.1656010001897812
tram:57,17,0.47058823529411764,0.3623529411764706,0.07054610550403595
tram:58,31,0.5161290322580645,0.3729032258064517,0.08303579688072205
tram:59,15,0.6,0.3679999999999999,0.06395852565765381
tram:6,31,0.5806451612903226,0.34193548387096784,0.1270575225353241
tram:60,29,0.4482758620689655,0.3606896551724138,0.1405293494462967
tram:61,34,0.5294117647058824,0.34058823529411764,0.101528100669384
tram:63,15,0.5333333333333333,0.364,0.056161604821681976
tram:64,21,0.6666666666666666,0.3695238095238094,0.08540519326925278
tram:65,36,0.5555555555555556,0.34611111111111115,0.11409024894237518
tram:7,38,0.39473684210526316,0.34631578947368424,0.12200158834457397
tram:8,10,0.4,0.40399999999999997,0.051339246332645416
tram:9,35,0.6571428571428571,0.3491428571428571,0.1335655301809311
tram:А,21,0.5714285714285714,0.3533333333333332,0.06378290802240372
tram:А.,20,0.55,0.373,0.0632537305355072
trolley:1,61,0.4918032786885246,0.3347540983606557,0.14980296790599823
trolley:10,47,0.48936170212765956,0.3310638297872341,0.1510927528142929
trolley:11,58,0.4482758620689655,0.33068965517241383,0.18033774197101593
trolley:12,59,0.4915254237288136,0.33050847457627114,0.16491898894309998
trolley:14,43,0.46511627906976744,0.34976744186046516,0.1226210817694664
trolley:15,38,0.39473684210526316,0.3494736842105263,0.10021024942398071
trolley:16,51,0.49019607843137253,0.3247058823529412,0.12507714331150055
trolley:17,39,0.7435897435897436,0.3487179487179486,0.09932536631822586
trolley:18,24,0.5416666666666666,0.35916666666666663,0.10926809906959534
trolley:2,24,0.5,0.3441666666666666,0.03767245262861252
trolley:20,35,0.4857142857142857,0.34171428571428564,0.11544632911682129
trolley:21,67,0.4925373134328358,0.32686567164179103,0.17363294959068298
trolley:22,46,0.4782608695652174,0.34173913043478266,0.21228785812854767
trolley:23,47,0.6808510638297872,0.3378723404255319,0.0800020694732666
trolley:24,23,0.782608695652174,0.3573913043478262,0.06790205836296082
trolley:25,30,0.5,0.3526666666666666,0.05009493976831436
trolley:26,31,0.5483870967741935,0.3445161290322581,0.11155279725790024
trolley:27,41,0.43902439024390244,0.3360975609756098,0.2006426751613617
trolley:28,33,0.6666666666666666,0.3424242424242424,0.08610764145851135
trolley:29,43,0.6744186046511628,0.34232558139534885,0.21212664246559143
trolley:3,46,0.5,0.33391304347826084,0.14505472779273987
trolley:31,41,0.5609756097560976,0.3448780487804878,0.13559402525424957
trolley:32,29,0.8275862068965517,0.35103448275862065,0.1271984875202179
trolley:33,48,0.4166666666666667,0.3345833333333333,0.1499691754579544
trolley:34,29,0.5172413793103449,0.36,0.0845923200249672
trolley:35,58,0.6724137931034483,0.31999999999999995,0.25597357749938965
trolley:36,29,0.7931034482758621,0.3579310344827586,0.10496298968791962
trolley:37,26,0.46153846153846156,0.3484615384615385,0.12396492809057236
trolley:38,46,0.6086956521739131,0.3356521739130434,0.12421030551195145
trolley:39,34,0.5882352941176471,0.35352941176470587,0.09350784868001938
trolley:4,22,0.5909090909090909,0.3654545454545454,0.06262087821960449
trolley:40,41,0.6585365853658537,0.3331707317073171,0.16243723034858704
trolley:41,41,0.7804878048780488,0.35268292682926833,0.14883719384670258
trolley:42,35,0.8571428571428571,0.3382857142857143,0.0993323028087616
trolley:43,59,0.6101694915254238,0.33355932203389826,0.15488682687282562
trolley:44,43,0.4418604651162791,0.34651162790697676,0.14947421848773956
trolley:45,42,0.7619047619047619,0.3319047619047619,0.19400613009929657
trolley:46,41,0.4878048780487805,0.3365853658536586,0.19370749592781067
trolley:47,26,0.5,0.36692307692307685,0.10366322845220566
trolley:48,43,0.7906976744186046,0.33162790697674427,0.1191103532910347
trolley:5,25,0.48,0.3552,0.09930115193128586
trolley:50,48,0.4375,0.3179166666666666,0.17061565816402435
trolley:51,55,0.6363636363636364,0.33090909090909093,0.11722181737422943
trolley:52,22,0.6363636363636364,0.3436363636363636,0.052242428064346313
trolley:6,39,0.4358974358974359,0.3492307692307692,0.13782617449760437
trolley:7,40,0.5,0.344,0.12671279907226562
trolley:8,48,0.4375,0.3475,0.17178142070770264
trolley:9,44,0.38636363636363635,0.32727272727272727,0.10858763009309769
