node,label,label_name,degree,clustering,component_size,boundary,class_size,error,stable_error,cluster,degree_bin,boundary_bin,depth,kmer_distance_to_class_mean
0,3,3,0.0,0.0,1.0,,30.0,1,1,7,0 isolated,,2.7479400634765625,16.318668335460877
1,3,3,0.0,0.0,1.0,,30.0,1,0,8,0 isolated,,3.042259931564331,3.372779823131618
2,4,4,0.0,0.0,1.0,,33.0,1,1,9,0 isolated,,2.8036599159240723,14.73527774044172
3,8,8,0.0,0.0,1.0,,50.0,0,0,8,0 isolated,,2.9207799434661865,1.596100488989712
4,2,2,0.0,0.0,1.0,,38.0,1,0,8,0 isolated,,3.0687899589538574,1.3174709886017173
5,6,6,7.0,0.0,8.0,1.0,51.0,1,1,3,3+ branch,1 all neighbours foreign,3.587589979171753,1.712284997188552
6,7,7,0.0,0.0,1.0,,89.0,0,0,3,0 isolated,,1.789739966392517,1.1748573573226526
7,7,7,0.0,0.0,1.0,,89.0,1,1,9,0 isolated,,2.9593300819396973,10.866184751219334
8,7,7,0.0,0.0,1.0,,89.0,0,0,5,0 isolated,,4.852350234985352,12.025250224730145
9,7,7,1.0,0.0,8.0,1.0,89.0,0,0,3,1 tip,1 all neighbours foreign,3.3808600902557373,2.8446587905095932
10,8,8,1.0,0.0,8.0,1.0,50.0,1,0,3,1 tip,1 all neighbours foreign,3.1157898902893066,1.727230395453012
11,7,7,1.0,0.0,8.0,1.0,89.0,0,0,3,1 tip,1 all neighbours foreign,3.37650990486145,11.724664597297963
12,8,8,1.0,0.0,8.0,1.0,50.0,1,1,3,1 tip,1 all neighbours foreign,3.010240077972412,1.9209315402594027
13,7,7,1.0,0.0,8.0,1.0,89.0,0,0,2,1 tip,1 all neighbours foreign,2.951479911804199,21.177999476458382
14,6,6,0.0,0.0,1.0,,51.0,1,0,9,0 isolated,,2.708509922027588,6.576574213047537
15,7,7,0.0,0.0,1.0,,89.0,1,1,1,0 isolated,,1.405310034751892,7.81959203750185
16,8,8,1.0,0.0,8.0,1.0,50.0,1,1,3,1 tip,1 all neighbours foreign,2.7885899543762207,5.310713145058006
17,8,8,1.0,0.0,8.0,1.0,50.0,1,1,3,1 tip,1 all neighbours foreign,2.8269200325012207,5.188988844755035
18,7,7,0.0,0.0,1.0,,89.0,1,1,9,0 isolated,,2.1377599239349365,9.908175948179748
19,7,7,0.0,0.0,1.0,,89.0,1,1,9,0 isolated,,1.0,9.631836880027945
20,6,6,0.0,0.0,1.0,,51.0,0,0,1,0 isolated,,1.0542700290679932,2.8565869550309824
21,3,3,0.0,0.0,1.0,,30.0,1,1,7,0 isolated,,2.9073500633239746,12.843723370556992
22,8,8,0.0,0.0,1.0,,50.0,0,0,8,0 isolated,,3.2632200717926025,4.508748860387335
23,7,7,0.0,0.0,1.0,,89.0,0,0,2,0 isolated,,3.4042398929595947,24.83022714759124
24,8,8,0.0,0.0,1.0,,50.0,0,0,8,0 isolated,,2.7141098976135254,2.0920185599408065
25,7,7,0.0,0.0,1.0,,89.0,0,0,0,0 isolated,,3.7306900024414062,3.177040614337532
26,3,3,0.0,0.0,1.0,,30.0,1,1,7,0 isolated,,3.251579999923706,18.16467747882342
27,9,9,0.0,0.0,1.0,,30.0,1,1,5,0 isolated,,3.0295701026916504,5.451659621768786
28,9,9,0.0,0.0,1.0,,30.0,1,0,1,0 isolated,,3.002229928970337,10.130917005170037
29,7,7,0.0,0.0,1.0,,89.0,0,0,5,0 isolated,,3.0283100605010986,11.962192038009922
30,9,9,1.0,0.0,3.0,0.0,30.0,1,1,0,1 tip,0 no foreign neighbour,3.1446499824523926,4.470744038698495
31,9,9,0.0,0.0,1.0,,30.0,1,1,2,0 isolated,,2.8686599731445312,15.214901097625257
32,6,6,0.0,0.0,1.0,,51.0,1,1,2,0 isolated,,2.1099801063537598,24.697331788112827
33,1,1,0.0,0.0,1.0,,26.0,1,0,9,0 isolated,,2.8406500816345215,11.359982602868708
34,3,3,0.0,0.0,1.0,,30.0,1,0,9,0 isolated,,5.025489807128906,4.277707145213526
35,4,4,0.0,0.0,1.0,,33.0,0,0,7,0 isolated,,4.687709808349609,6.415878278477077
36,7,7,2.0,0.0,3.0,0.0,89.0,1,1,9,2 path,0 no foreign neighbour,4.812930107116699,9.711328469267961
37,7,7,1.0,0.0,3.0,0.0,89.0,0,0,3,1 tip,0 no foreign neighbour,2.1785099506378174,3.5473802367432685
38,7,7,1.0,0.0,3.0,0.0,89.0,0,0,3,1 tip,0 no foreign neighbour,2.3438899517059326,5.036496709266969
39,4,4,0.0,0.0,1.0,,33.0,1,1,9,0 isolated,,2.820319890975952,10.264581538737488
40,6,6,0.0,0.0,1.0,,51.0,1,0,9,0 isolated,,1.340559959411621,6.319007847870356
41,6,6,0.0,0.0,1.0,,51.0,1,0,9,0 isolated,,1.000290036201477,6.254034534969346
42,9,9,0.0,0.0,1.0,,30.0,1,1,2,0 isolated,,2.7786500453948975,26.912438865253897
43,7,7,0.0,0.0,1.0,,89.0,1,1,9,0 isolated,,1.0669300556182861,9.123503613464965
44,7,7,0.0,0.0,1.0,,89.0,1,1,1,0 isolated,,1.614490032196045,7.3025374970633
45,7,7,0.0,0.0,1.0,,89.0,1,1,9,0 isolated,,3.577009916305542,9.257566446802628
46,8,8,0.0,0.0,1.0,,50.0,1,0,9,0 isolated,,4.052989959716797,7.984873453621089
47,7,7,0.0,0.0,1.0,,89.0,1,1,1,0 isolated,,2.565690040588379,6.30263038026498
48,1,1,0.0,0.0,1.0,,26.0,0,0,4,0 isolated,,1.88496994972229,56.38208838877318
49,8,8,0.0,0.0,1.0,,50.0,0,0,8,0 isolated,,2.8070099353790283,2.7533948085018154
50,7,7,0.0,0.0,1.0,,89.0,0,0,5,0 isolated,,3.1677699089050293,12.630406941450767
51,7,7,0.0,0.0,1.0,,89.0,0,0,3,0 isolated,,1.8148900270462036,2.3582865314446733
52,0,0,0.0,0.0,1.0,,15.0,1,1,8,0 isolated,,2.443429946899414,5.14726356266699
53,4,4,1.0,0.0,2.0,0.0,33.0,1,1,9,1 tip,0 no foreign neighbour,2.0,16.525117672403244
54,6,6,0.0,0.0,1.0,,51.0,1,1,0,0 isolated,,1.7478899955749512,3.3460205048505554
55,8,8,0.0,0.0,1.0,,50.0,1,0,9,0 isolated,,2.48334002494812,6.370888790530453
56,7,7,0.0,0.0,1.0,,89.0,1,1,1,0 isolated,,1.8303799629211426,6.253529977177796
57,1,1,0.0,0.0,1.0,,26.0,1,0,9,0 isolated,,3.6875200271606445,12.941827789154523
58,7,7,0.0,0.0,1.0,,89.0,0,0,0,0 isolated,,1.8574899435043335,3.9770062070597243
59,3,3,0.0,0.0,1.0,,30.0,1,1,8,0 isolated,,2.629309892654419,6.405878524638702
60,3,3,1.0,0.0,8.0,1.0,30.0,1,1,8,1 tip,1 all neighbours foreign,2.8830199241638184,1.9765354765247614
61,1,1,0.0,0.0,1.0,,26.0,1,1,7,0 isolated,,2.4992499351501465,9.018532607327433
62,1,1,0.0,0.0,1.0,,26.0,1,0,8,0 isolated,,3.3831000328063965,4.886826689403717
63,5,5,0.0,0.0,1.0,,21.0,1,1,1,0 isolated,,1.0,1.0207978870262708
64,7,7,0.0,0.0,1.0,,89.0,0,0,0,0 isolated,,2.9298601150512695,3.5280317500766465
65,8,8,0.0,0.0,1.0,,50.0,1,0,9,0 isolated,,2.9589900970458984,6.066041330676389
66,8,8,0.0,0.0,1.0,,50.0,1,1,7,0 isolated,,2.99045991897583,17.6792624457477
67,2,2,0.0,0.0,1.0,,38.0,1,1,8,0 isolated,,3.7196600437164307,5.4238639234861505
68,2,2,0.0,0.0,1.0,,38.0,1,1,8,0 isolated,,2.633500099182129,2.506688917129558
69,8,8,1.0,0.0,3.0,0.0,50.0,0,0,8,1 tip,0 no foreign neighbour,2.8808600902557373,3.283687242082913
70,7,7,0.0,0.0,1.0,,89.0,0,0,0,0 isolated,,1.767799973487854,5.097851600063462
71,2,2,0.0,0.0,1.0,,38.0,1,1,6,0 isolated,,3.3327300548553467,34.32540982742981
72,6,6,0.0,0.0,1.0,,51.0,1,1,0,0 isolated,,1.3265299797058105,5.017850550097709
73,2,2,0.0,0.0,1.0,,38.0,0,0,9,0 isolated,,2.8596599102020264,3.7492466894071943
74,3,3,0.0,0.0,1.0,,30.0,1,1,8,0 isolated,,2.634399890899658,9.277655402069419
75,8,8,0.0,0.0,1.0,,50.0,0,0,8,0 isolated,,2.735869884490967,2.142100142899743
76,7,7,0.0,0.0,1.0,,89.0,0,0,3,0 isolated,,3.158679962158203,2.5698216035172248
77,8,8,0.0,0.0,1.0,,50.0,1,0,9,0 isolated,,3.226219892501831,6.246166094029807
78,8,8,0.0,0.0,1.0,,50.0,1,0,9,0 isolated,,3.1229300498962402,6.140739092952154
79,7,7,0.0,0.0,1.0,,89.0,0,0,3,0 isolated,,2.594099998474121,3.1474608864849865
80,7,7,0.0,0.0,1.0,,89.0,0,0,5,0 isolated,,1.7431999444961548,8.041028660637435
81,5,5,0.0,0.0,1.0,,21.0,1,1,1,0 isolated,,1.0198299884796143,1.3081003473672348
82,7,7,0.0,0.0,1.0,,89.0,0,0,3,0 isolated,,3.1008200645446777,1.0376896818703565
83,1,1,0.0,0.0,1.0,,26.0,1,1,8,0 isolated,,4.252970218658447,3.4481283594185403
84,4,4,3.0,0.0,8.0,0.3333333333333333,33.0,0,0,6,3+ branch,mixed,4.946919918060303,67.45731634109426
85,0,0,0.0,0.0,1.0,,15.0,1,1,8,0 isolated,,3.833479881286621,1.5251876440672258
86,1,1,0.0,0.0,1.0,,26.0,1,0,8,0 isolated,,2.945430040359497,7.1963880661143875
87,2,2,0.0,0.0,1.0,,38.0,1,1,8,0 isolated,,2.8328700065612793,3.4046898034469275
88,0,0,0.0,0.0,1.0,,15.0,1,1,9,0 isolated,,3.349410057067871,6.902482111071607
89,6,6,0.0,0.0,1.0,,51.0,1,1,2,0 isolated,,2.139930009841919,28.51010002533328
90,2,2,0.0,0.0,1.0,,38.0,0,0,9,0 isolated,,3.230679988861084,8.309119954324585
91,2,2,0.0,0.0,1.0,,38.0,1,0,8,0 isolated,,3.562380075454712,2.0994323673157327
92,2,2,0.0,0.0,1.0,,38.0,0,0,9,0 isolated,,3.4974400997161865,7.574237559235397
93,8,8,0.0,0.0,1.0,,50.0,0,0,8,0 isolated,,4.196780204772949,2.235703718022108
94,9,9,0.0,0.0,1.0,,30.0,1,0,1,0 isolated,,3.478790044784546,7.366155148550538
95,0,0,0.0,0.0,1.0,,15.0,1,1,8,0 isolated,,2.8622400760650635,3.3233362756123777
96,4,4,0.0,0.0,1.0,,33.0,0,0,6,0 isolated,,5.0773701667785645,37.32076058322938
97,4,4,0.0,0.0,1.0,,33.0,1,1,9,0 isolated,,1.0,15.157943555035432
98,5,5,0.0,0.0,1.0,,21.0,1,1,1,0 isolated,,1.0,1.696719971809243
99,2,2,0.0,0.0,1.0,,38.0,0,0,9,0 isolated,,2.6421000957489014,7.515221778028261
100,6,6,0.0,0.0,1.0,,51.0,1,0,9,0 isolated,,1.9397900104522705,7.0685084258225395
101,6,6,0.0,0.0,1.0,,51.0,1,1,0,0 isolated,,2.1631500720977783,4.96139531911085
102,6,6,0.0,0.0,1.0,,51.0,0,0,1,0 isolated,,1.2831599712371826,4.424646853909677
103,9,9,0.0,0.0,1.0,,30.0,1,1,5,0 isolated,,3.4079599380493164,4.227342541194977
104,2,2,0.0,0.0,1.0,,38.0,1,1,8,0 isolated,,3.358870029449463,3.7053400298543897
105,8,8,0.0,0.0,1.0,,50.0,0,0,8,0 isolated,,3.0862200260162354,2.6214438168678558
106,2,2,0.0,0.0,1.0,,38.0,1,0,8,0 isolated,,3.147059917449951,1.9523355983388258
107,8,8,0.0,0.0,1.0,,50.0,1,1,3,0 isolated,,2.427649974822998,5.681058758925183
108,7,7,0.0,0.0,1.0,,89.0,1,1,1,0 isolated,,1.4443999528884888,3.490492449133864
109,8,8,0.0,0.0,1.0,,50.0,0,0,8,0 isolated,,3.7570900917053223,1.976689091958427
110,6,6,0.0,0.0,1.0,,51.0,0,0,1,0 isolated,,2.005110025405884,5.521682031668006
111,8,8,0.0,0.0,1.0,,50.0,1,1,7,0 isolated,,3.3379099369049072,16.669133460693228
112,4,4,0.0,0.0,1.0,,33.0,0,0,6,0 isolated,,4.641290187835693,22.32423507649468
113,9,9,0.0,0.0,1.0,,30.0,1,1,5,0 isolated,,3.1528899669647217,8.774011536689851
114,2,2,0.0,0.0,1.0,,38.0,1,1,7,0 isolated,,2.9779999256134033,6.965272550758016
115,6,6,0.0,0.0,1.0,,51.0,1,1,5,0 isolated,,1.7132500410079956,14.194766510095661
116,3,3,0.0,0.0,1.0,,30.0,1,1,8,0 isolated,,3.118459939956665,2.312056087231587
117,1,1,0.0,0.0,1.0,,26.0,1,1,8,0 isolated,,2.820509910583496,2.5247302853272697
118,9,9,0.0,0.0,1.0,,30.0,1,0,1,0 isolated,,2.6875,8.374415081844194
119,7,7,0.0,0.0,1.0,,89.0,0,0,0,0 isolated,,2.9554200172424316,2.9729824150103585
120,5,5,0.0,0.0,1.0,,21.0,1,1,1,0 isolated,,1.0,1.2341073244160867
121,5,5,0.0,0.0,1.0,,21.0,1,1,1,0 isolated,,1.0,1.1658319220964808
122,1,1,0.0,0.0,1.0,,26.0,1,0,8,0 isolated,,3.268239974975586,4.927743142878939
123,2,2,0.0,0.0,1.0,,38.0,0,0,9,0 isolated,,2.501349925994873,6.25072569758283
124,5,5,0.0,0.0,1.0,,21.0,1,1,1,0 isolated,,1.0550099611282349,1.4353308802020288
125,8,8,0.0,0.0,1.0,,50.0,0,0,8,0 isolated,,3.4599099159240723,4.237290978193196
126,4,4,0.0,0.0,1.0,,33.0,1,1,8,0 isolated,,3.7195401191711426,6.278442169489904
127,5,5,0.0,0.0,1.0,,21.0,1,1,1,0 isolated,,1.0,0.7648437504489828
128,7,7,0.0,0.0,1.0,,89.0,0,0,0,0 isolated,,2.6791999340057373,3.9019781145703996
129,6,6,0.0,0.0,1.0,,51.0,0,0,1,0 isolated,,2.4751501083374023,3.719256528833277
130,7,7,0.0,0.0,1.0,,89.0,0,0,0,0 isolated,,2.860379934310913,3.3883807934158137
131,4,4,0.0,0.0,1.0,,33.0,1,0,8,0 isolated,,3.6308701038360596,5.057652754166844
132,8,8,0.0,0.0,1.0,,50.0,0,0,8,0 isolated,,3.536259889602661,1.694839089840769
133,6,6,0.0,0.0,1.0,,51.0,1,1,5,0 isolated,,2.135509967803955,14.395001672816889
134,4,4,0.0,0.0,1.0,,33.0,1,1,9,0 isolated,,1.0,16.451685214392906
135,3,3,0.0,0.0,1.0,,30.0,1,1,9,0 isolated,,1.0,10.00219790865638
136,3,3,0.0,0.0,1.0,,30.0,1,1,9,0 isolated,,4.278969764709473,7.058160390909299
137,4,4,3.0,0.0,8.0,0.3333333333333333,33.0,1,0,8,3+ branch,mixed,8.459320068359375,16.615121733143464
138,4,4,1.0,0.0,8.0,0.0,33.0,0,0,7,1 tip,0 no foreign neighbour,4.668920040130615,19.18895669459709
139,8,8,0.0,0.0,1.0,,50.0,0,0,8,0 isolated,,3.0619499683380127,2.323448242673625
140,3,3,2.0,0.0,8.0,0.5,30.0,1,1,7,2 path,mixed,3.2950799465179443,4.803619032474565
141,6,6,0.0,0.0,1.0,,51.0,0,0,1,0 isolated,,1.7165199518203735,5.804349759553672
142,0,0,0.0,0.0,1.0,,15.0,1,1,9,0 isolated,,1.0,11.718591213329178
143,4,4,0.0,0.0,1.0,,33.0,1,1,9,0 isolated,,1.0,15.978268885531763
144,7,7,0.0,0.0,1.0,,89.0,0,0,5,0 isolated,,2.344749927520752,15.237708837687892
145,5,5,0.0,0.0,1.0,,21.0,1,1,1,0 isolated,,1.0,0.8539650864473485
146,6,6,0.0,0.0,1.0,,51.0,1,0,9,0 isolated,,1.0,7.014636447644441
147,8,8,0.0,0.0,1.0,,50.0,1,0,9,0 isolated,,3.0269100666046143,6.361972539288566
148,7,7,0.0,0.0,1.0,,89.0,0,0,0,0 isolated,,1.6121900081634521,5.342623392154475
149,2,2,0.0,0.0,1.0,,38.0,1,1,8,0 isolated,,2.337510108947754,5.72390272441739
150,4,4,1.0,0.0,2.0,0.0,33.0,1,1,9,1 tip,0 no foreign neighbour,3.361690044403076,16.201095333888134
151,5,5,0.0,0.0,1.0,,21.0,1,1,3,0 isolated,,1.0,4.57806270909793
152,6,6,0.0,0.0,1.0,,51.0,1,1,0,0 isolated,,1.8708100318908691,3.007173919308015
153,6,6,0.0,0.0,1.0,,51.0,1,0,3,0 isolated,,1.2861100435256958,1.4123982613126012
154,6,6,0.0,0.0,1.0,,51.0,1,1,5,0 isolated,,1.947849988937378,12.303559162823973
155,6,6,0.0,0.0,1.0,,51.0,1,0,9,0 isolated,,1.5092600584030151,8.02760086241251
156,6,6,0.0,0.0,1.0,,51.0,1,1,0,0 isolated,,3.427759885787964,3.5302557578730585
157,8,8,0.0,0.0,1.0,,50.0,1,0,9,0 isolated,,5.534329891204834,5.0202364906101264
158,4,4,0.0,0.0,1.0,,33.0,1,1,9,0 isolated,,3.1572699546813965,12.625794690472068
159,8,8,0.0,0.0,1.0,,50.0,1,1,7,0 isolated,,3.7400600910186768,6.953601591034357
160,5,5,0.0,0.0,1.0,,21.0,1,1,1,0 isolated,,1.0913100242614746,0.906221717653884
161,4,4,0.0,0.0,1.0,,33.0,1,0,8,0 isolated,,5.870140075683594,3.773572755072142
162,4,4,0.0,0.0,1.0,,33.0,1,1,9,0 isolated,,2.4945099353790283,13.474989701566116
163,8,8,0.0,0.0,1.0,,50.0,0,0,8,0 isolated,,2.4894700050354004,1.1992166380342926
164,7,7,0.0,0.0,1.0,,89.0,0,0,0,0 isolated,,3.0653700828552246,2.7059892489864565
165,6,6,0.0,0.0,1.0,,51.0,0,0,1,0 isolated,,2.167840003967285,2.3729377891436534
166,9,9,0.0,0.0,1.0,,30.0,1,0,1,0 isolated,,2.743989944458008,7.110498560129256
167,7,7,0.0,0.0,1.0,,89.0,0,0,0,0 isolated,,1.2727400064468384,3.7712367380854936
168,2,2,0.0,0.0,1.0,,38.0,1,0,8,0 isolated,,2.830980062484741,2.3670595998755246
169,4,4,0.0,0.0,1.0,,33.0,1,1,9,0 isolated,,6.513909816741943,11.03830217028279
170,7,7,0.0,0.0,1.0,,89.0,0,0,0,0 isolated,,2.5915699005126953,2.490573671886071
171,8,8,0.0,0.0,1.0,,50.0,0,0,8,0 isolated,,2.6780600547790527,2.3209601482298323
172,8,8,0.0,0.0,1.0,,50.0,1,1,7,0 isolated,,2.5305299758911133,14.253404977900889
173,6,6,0.0,0.0,1.0,,51.0,1,1,3,0 isolated,,2.6011300086975098,1.9123523047407822
174,6,6,0.0,0.0,1.0,,51.0,0,0,1,0 isolated,,2.734920024871826,4.056679356766171
175,7,7,0.0,0.0,1.0,,89.0,0,0,3,0 isolated,,2.8468899726867676,2.4356572855953957
176,6,6,0.0,0.0,1.0,,51.0,0,0,1,0 isolated,,1.4220600128173828,5.329892843631217
177,7,7,0.0,0.0,1.0,,89.0,1,1,1,0 isolated,,2.5264699459075928,5.072068077357753
178,7,7,0.0,0.0,1.0,,89.0,0,0,0,0 isolated,,3.7795000076293945,1.5056095359539943
179,4,4,0.0,0.0,1.0,,33.0,1,0,8,0 isolated,,4.954380035400391,5.365333446408099
180,5,5,0.0,0.0,1.0,,21.0,1,1,1,0 isolated,,1.0,1.5064508513331007
181,7,7,0.0,0.0,1.0,,89.0,0,0,0,0 isolated,,3.308180093765259,2.5727539638826116
182,5,5,0.0,0.0,1.0,,21.0,1,1,1,0 isolated,,1.0,1.538093315063637
183,1,1,0.0,0.0,1.0,,26.0,1,0,9,0 isolated,,3.2851600646972656,11.594274117794082
184,2,2,0.0,0.0,1.0,,38.0,1,1,7,0 isolated,,3.1289501190185547,9.513076401085103
185,7,7,0.0,0.0,1.0,,89.0,0,0,0,0 isolated,,3.920380115509033,5.0950081376086285
186,8,8,0.0,0.0,1.0,,50.0,1,1,9,0 isolated,,2.671149969100952,7.854581796690933
187,0,0,0.0,0.0,1.0,,15.0,1,1,9,0 isolated,,2.719980001449585,9.348986189375164
188,0,0,0.0,0.0,1.0,,15.0,1,1,9,0 isolated,,1.0,11.800874615977136
189,3,3,0.0,0.0,1.0,,30.0,1,1,8,0 isolated,,4.7582502365112305,2.127558104940706
190,7,7,0.0,0.0,1.0,,89.0,1,1,1,0 isolated,,1.8139400482177734,3.9543695723043393
191,8,8,0.0,0.0,1.0,,50.0,1,0,9,0 isolated,,2.6608400344848633,6.745221366762276
192,9,9,0.0,0.0,1.0,,30.0,1,0,3,0 isolated,,3.129739999771118,4.594955133218741
193,3,3,0.0,0.0,1.0,,30.0,1,1,9,0 isolated,,3.3628900051116943,4.438569564052166
194,2,2,0.0,0.0,1.0,,38.0,1,0,8,0 isolated,,3.1366899013519287,1.9817072584252495
195,7,7,0.0,0.0,1.0,,89.0,0,0,3,0 isolated,,3.0689499378204346,1.2929251126056194
196,7,7,0.0,0.0,1.0,,89.0,0,0,5,0 isolated,,2.935570001602173,8.248472155379517
197,7,7,0.0,0.0,1.0,,89.0,1,1,1,0 isolated,,2.8604400157928467,7.3141161087886655
198,7,7,0.0,0.0,1.0,,89.0,0,0,5,0 isolated,,2.077709913253784,16.16966693185573
199,7,7,0.0,0.0,1.0,,89.0,1,1,1,0 isolated,,2.503770112991333,6.12007106243943
200,7,7,0.0,0.0,1.0,,89.0,0,0,3,0 isolated,,2.759310007095337,3.180855201721037
201,6,6,0.0,0.0,1.0,,51.0,0,0,1,0 isolated,,1.4231699705123901,4.777611777173676
202,8,8,0.0,0.0,1.0,,50.0,1,0,9,0 isolated,,2.730220079421997,4.285288593781033
203,3,3,0.0,0.0,1.0,,30.0,1,0,8,0 isolated,,3.5291600227355957,2.7071311561361906
204,7,7,0.0,0.0,1.0,,89.0,1,1,9,0 isolated,,1.0,9.650740872348269
205,6,6,0.0,0.0,1.0,,51.0,1,1,0,0 isolated,,2.4766900539398193,2.9828375331902124
206,1,1,0.0,0.0,1.0,,26.0,1,1,7,0 isolated,,3.4068899154663086,4.282301886559625
207,1,1,1.0,0.0,3.0,0.0,26.0,0,0,4,1 tip,0 no foreign neighbour,1.4883699417114258,44.58678862139364
208,9,9,0.0,0.0,1.0,,30.0,1,1,9,0 isolated,,2.2332398891448975,11.739084083027242
209,4,4,0.0,0.0,1.0,,33.0,1,1,9,0 isolated,,3.8922300338745117,13.13560124891453
210,5,5,0.0,0.0,1.0,,21.0,1,1,1,0 isolated,,1.0,0.9225697839038601
211,7,7,0.0,0.0,1.0,,89.0,0,0,5,0 isolated,,2.567919969558716,11.231122379950675
212,5,5,0.0,0.0,1.0,,21.0,1,1,1,0 isolated,,1.0,1.9343334355883322
213,3,3,0.0,0.0,1.0,,30.0,1,1,9,0 isolated,,3.481920003890991,5.145451003808882
214,7,7,0.0,0.0,1.0,,89.0,1,1,1,0 isolated,,1.5189499855041504,6.171026178592262
215,1,1,0.0,0.0,1.0,,26.0,1,1,9,0 isolated,,1.7702200412750244,14.22999492399835
216,2,2,0.0,0.0,1.0,,38.0,1,1,7,0 isolated,,3.334320068359375,20.601052801404595
217,6,6,0.0,0.0,1.0,,51.0,0,0,1,0 isolated,,1.000040054321289,2.768411291900404
218,9,9,0.0,0.0,1.0,,30.0,1,0,3,0 isolated,,2.3541200160980225,6.1745052977684844
219,7,7,0.0,0.0,1.0,,89.0,0,0,3,0 isolated,,2.3892500400543213,3.041337051496372
220,3,3,0.0,0.0,1.0,,30.0,1,0,8,0 isolated,,3.160409927368164,2.354904904654965
221,7,7,0.0,0.0,1.0,,89.0,0,0,3,0 isolated,,1.6151599884033203,2.3600412429690767
222,7,7,0.0,0.0,1.0,,89.0,1,1,9,0 isolated,,5.69927978515625,10.468225776762674
223,8,8,0.0,0.0,1.0,,50.0,0,0,8,0 isolated,,2.5752999782562256,2.000145700694733
224,5,5,0.0,0.0,1.0,,21.0,1,1,1,0 isolated,,1.0,1.012115967589531
225,1,1,0.0,0.0,1.0,,26.0,1,0,8,0 isolated,,2.5062599182128906,9.745099461727587
226,7,7,0.0,0.0,1.0,,89.0,1,1,1,0 isolated,,1.9243099689483643,4.714804847010082
227,8,8,0.0,0.0,1.0,,50.0,1,1,7,0 isolated,,3.494570016860962,17.738381998729878
228,8,8,0.0,0.0,1.0,,50.0,0,0,8,0 isolated,,3.077399969100952,2.4999144784604446
229,7,7,0.0,0.0,1.0,,89.0,1,1,9,0 isolated,,3.200160026550293,7.252147765274053
230,6,6,0.0,0.0,1.0,,51.0,1,0,9,0 isolated,,1.0,7.245726935565075
231,9,9,0.0,0.0,1.0,,30.0,1,1,0,0 isolated,,3.330049991607666,1.7292881507039612
232,3,3,0.0,0.0,1.0,,30.0,1,1,7,0 isolated,,2.8285200595855713,16.82502205445409
233,4,4,0.0,0.0,1.0,,33.0,1,1,9,0 isolated,,0.9994170069694519,16.114753124581945
234,0,0,0.0,0.0,1.0,,15.0,1,1,9,0 isolated,,1.0,11.908384616598953
235,7,7,0.0,0.0,1.0,,89.0,0,0,0,0 isolated,,2.7809200286865234,2.371956982224804
236,2,2,0.0,0.0,1.0,,38.0,0,0,9,0 isolated,,2.6552700996398926,6.501005028262015
237,2,2,0.0,0.0,1.0,,38.0,1,1,7,0 isolated,,3.6977999210357666,21.473831782506412
238,7,7,0.0,0.0,1.0,,89.0,0,0,5,0 isolated,,2.277050018310547,13.556755983074508
239,9,9,0.0,0.0,1.0,,30.0,1,1,3,0 isolated,,3.7219700813293457,3.4158567601921677
240,1,1,0.0,0.0,1.0,,26.0,0,0,4,0 isolated,,1.5699399709701538,31.7855324690169
241,7,7,0.0,0.0,1.0,,89.0,0,0,3,0 isolated,,4.050179958343506,1.4326576073988377
242,5,5,0.0,0.0,1.0,,21.0,1,1,1,0 isolated,,1.0,1.0014245704983358
243,2,2,0.0,0.0,1.0,,38.0,0,0,9,0 isolated,,3.1908299922943115,7.195651438922922
244,7,7,0.0,0.0,1.0,,89.0,0,0,3,0 isolated,,3.558840036392212,1.3239099845718223
245,2,2,0.0,0.0,1.0,,38.0,0,0,9,0 isolated,,2.3626599311828613,6.472232942251394
246,9,9,0.0,0.0,1.0,,30.0,1,1,5,0 isolated,,2.9351699352264404,4.26924466951684
247,9,9,0.0,0.0,1.0,,30.0,1,1,3,0 isolated,,2.9447200298309326,3.597082373864841
248,8,8,0.0,0.0,1.0,,50.0,0,0,8,0 isolated,,2.7286698818206787,2.5501740086260383
249,0,0,0.0,0.0,1.0,,15.0,1,1,8,0 isolated,,3.223870038986206,3.2607742020696557
250,3,3,0.0,0.0,1.0,,30.0,1,1,9,0 isolated,,2.3265700340270996,7.878613422350273
251,6,6,0.0,0.0,1.0,,51.0,1,1,3,0 isolated,,1.1474100351333618,1.2492547608750089
252,5,5,0.0,0.0,1.0,,21.0,1,1,1,0 isolated,,1.0099300146102905,1.319878959997209
253,7,7,0.0,0.0,1.0,,89.0,1,1,1,0 isolated,,1.5082000494003296,7.235579187495338
254,1,1,0.0,0.0,1.0,,26.0,1,0,8,0 isolated,,2.8150599002838135,10.26605821807134
255,8,8,0.0,0.0,1.0,,50.0,1,0,9,0 isolated,,2.9774599075317383,3.476156088262523
256,1,1,0.0,0.0,1.0,,26.0,1,1,9,0 isolated,,2.993350028991699,12.797665590560088
257,1,1,0.0,0.0,1.0,,26.0,1,0,9,0 isolated,,2.3240199089050293,13.433264909246786
258,5,5,0.0,0.0,1.0,,21.0,1,1,1,0 isolated,,1.0,1.2724639531455648
259,7,7,0.0,0.0,1.0,,89.0,1,1,9,0 isolated,,2.815609931945801,8.392067495399088
260,0,0,0.0,0.0,1.0,,15.0,1,1,9,0 isolated,,4.447649955749512,6.056966761611337
261,5,5,0.0,0.0,1.0,,21.0,1,1,3,0 isolated,,1.2314399480819702,5.53182685396462
262,7,7,0.0,0.0,1.0,,89.0,0,0,3,0 isolated,,2.529680013656616,3.397803132914613
263,8,8,0.0,0.0,1.0,,50.0,1,1,9,0 isolated,,2.407099962234497,6.257667551279693
264,2,2,0.0,0.0,1.0,,38.0,1,0,8,0 isolated,,2.4981799125671387,1.9958602553430218
265,6,6,0.0,0.0,1.0,,51.0,1,1,0,0 isolated,,2.3118200302124023,6.692803582243864
266,9,9,0.0,0.0,1.0,,30.0,1,1,9,0 isolated,,2.3850600719451904,10.274582661783871
267,7,7,0.0,0.0,1.0,,89.0,0,0,3,0 isolated,,1.9376499652862549,1.40246852889093
268,2,2,0.0,0.0,1.0,,38.0,0,0,9,0 isolated,,2.5365500450134277,4.266620548500489
269,0,0,0.0,0.0,1.0,,15.0,1,1,9,0 isolated,,3.6387200355529785,9.497725644487096
270,3,3,0.0,0.0,1.0,,30.0,1,1,8,0 isolated,,2.4660000801086426,3.9174143680575706
271,9,9,0.0,0.0,1.0,,30.0,1,1,0,0 isolated,,3.3984599113464355,2.038296493029957
272,6,6,0.0,0.0,1.0,,51.0,0,0,1,0 isolated,,1.7494900226593018,3.042821686885185
273,9,9,0.0,0.0,1.0,,30.0,1,1,5,0 isolated,,2.8664300441741943,8.304214085991077
274,6,6,0.0,0.0,1.0,,51.0,0,0,1,0 isolated,,1.9283000230789185,2.446274768222279
275,9,9,0.0,0.0,1.0,,30.0,1,0,3,0 isolated,,3.1726698875427246,5.709195670793328
276,4,4,0.0,0.0,1.0,,33.0,1,1,9,0 isolated,,3.3929500579833984,11.307092434791503
277,6,6,0.0,0.0,1.0,,51.0,0,0,1,0 isolated,,2.3371500968933105,4.3767496952439915
278,8,8,0.0,0.0,1.0,,50.0,1,0,9,0 isolated,,2.5857698917388916,5.888358288345215
279,8,8,0.0,0.0,1.0,,50.0,0,0,8,0 isolated,,4.123050212860107,1.9594370785803918
280,6,6,0.0,0.0,1.0,,51.0,1,0,9,0 isolated,,2.172149896621704,6.44632312453631
281,2,2,0.0,0.0,1.0,,38.0,0,0,9,0 isolated,,3.272429943084717,5.014205550622607
282,3,3,0.0,0.0,1.0,,30.0,1,0,8,0 isolated,,2.501879930496216,3.8205435472818547
283,7,7,0.0,0.0,1.0,,89.0,0,0,0,0 isolated,,3.4107699394226074,1.6923610516587793
284,6,6,0.0,0.0,1.0,,51.0,0,0,1,0 isolated,,1.9142199754714966,4.600095967124685
285,9,9,0.0,0.0,1.0,,30.0,1,0,1,0 isolated,,2.672529935836792,7.968331031507662
286,9,9,0.0,0.0,1.0,,30.0,1,1,5,0 isolated,,3.1250500679016113,7.022231730984528
287,2,2,0.0,0.0,1.0,,38.0,1,0,8,0 isolated,,2.498430013656616,1.2445436423454266
288,3,3,0.0,0.0,1.0,,30.0,1,1,9,0 isolated,,2.5883800983428955,6.677874896288335
289,6,6,0.0,0.0,1.0,,51.0,1,1,2,0 isolated,,2.337090015411377,32.88715529337697
290,5,5,0.0,0.0,1.0,,21.0,1,1,1,0 isolated,,1.0,1.737581959858144
291,8,8,0.0,0.0,1.0,,50.0,1,1,1,0 isolated,,2.333209991455078,5.282369556350115
292,2,2,0.0,0.0,1.0,,38.0,0,0,9,0 isolated,,3.3508400917053223,6.425733500136767
293,4,4,0.0,0.0,1.0,,33.0,0,0,7,0 isolated,,4.777390003204346,4.503956068574826
294,6,6,0.0,0.0,1.0,,51.0,0,0,1,0 isolated,,2.880650043487549,4.735424579933095
295,2,2,0.0,0.0,1.0,,38.0,1,0,8,0 isolated,,2.844249963760376,3.015243815629451
296,3,3,0.0,0.0,1.0,,30.0,1,0,8,0 isolated,,3.297760009765625,2.4624217829518282
297,7,7,0.0,0.0,1.0,,89.0,1,0,1,0 isolated,,3.2471299171447754,4.630464562211258
298,7,7,0.0,0.0,1.0,,89.0,0,0,3,0 isolated,,2.7072699069976807,1.9618156280657817
299,8,8,0.0,0.0,1.0,,50.0,0,0,8,0 isolated,,2.7160799503326416,1.56828994501637
300,6,6,0.0,0.0,1.0,,51.0,1,0,9,0 isolated,,1.0,6.928395620866931
301,7,7,0.0,0.0,1.0,,89.0,1,1,1,0 isolated,,2.4297800064086914,5.087306944196563
302,5,5,0.0,0.0,1.0,,21.0,1,1,1,0 isolated,,1.0,1.254054108005552
303,6,6,0.0,0.0,1.0,,51.0,1,0,9,0 isolated,,1.6227500438690186,7.060153891426644
304,3,3,0.0,0.0,1.0,,30.0,1,1,9,0 isolated,,4.612949848175049,5.9863828730338
305,6,6,0.0,0.0,1.0,,51.0,1,1,3,0 isolated,,1.5841399431228638,1.8571605616174909
306,7,7,0.0,0.0,1.0,,89.0,0,0,3,0 isolated,,2.024790048599243,1.9816171962325637
307,6,6,0.0,0.0,1.0,,51.0,0,0,1,0 isolated,,1.350409984588623,3.8711136303803144
308,6,6,0.0,0.0,1.0,,51.0,0,0,1,0 isolated,,1.0,4.780272317955783
309,8,8,0.0,0.0,1.0,,50.0,1,0,9,0 isolated,,3.103250026702881,6.378709857625465
310,6,6,0.0,0.0,1.0,,51.0,0,0,1,0 isolated,,1.4449199438095093,4.774250055674018
311,3,3,0.0,0.0,1.0,,30.0,1,1,9,0 isolated,,2.4682199954986572,6.926338688041248
312,2,2,0.0,0.0,1.0,,38.0,0,0,9,0 isolated,,4.510670185089111,5.846966628160663
313,7,7,0.0,0.0,1.0,,89.0,1,1,1,0 isolated,,2.2666800022125244,6.432577355415279
314,7,7,0.0,0.0,1.0,,89.0,0,0,0,0 isolated,,1.7902599573135376,2.298520595380547
315,7,7,0.0,0.0,1.0,,89.0,1,1,1,0 isolated,,2.2055399417877197,3.9840826096647364
316,3,3,0.0,0.0,1.0,,30.0,1,1,9,0 isolated,,3.351020097732544,7.078542728463311
317,2,2,0.0,0.0,1.0,,38.0,0,0,9,0 isolated,,3.1498100757598877,5.828655554718213
318,7,7,0.0,0.0,1.0,,89.0,1,1,1,0 isolated,,2.527829885482788,7.768735877355457
319,4,4,0.0,0.0,1.0,,33.0,1,1,8,0 isolated,,3.856450080871582,10.098382478209098
320,3,3,0.0,0.0,1.0,,30.0,1,1,8,0 isolated,,2.7834599018096924,2.315569729082104
321,9,9,0.0,0.0,1.0,,30.0,1,0,1,0 isolated,,2.5903000831604004,9.577652652182701
322,7,7,0.0,0.0,1.0,,89.0,1,1,1,0 isolated,,2.070280075073242,3.7209557438354603
323,1,1,0.0,0.0,1.0,,26.0,1,0,8,0 isolated,,2.3335299491882324,10.103964773993477
324,7,7,0.0,0.0,1.0,,89.0,1,1,1,0 isolated,,2.518709897994995,5.926264275318145
325,6,6,0.0,0.0,1.0,,51.0,0,0,1,0 isolated,,1.6863399744033813,3.59810510218763
326,7,7,0.0,0.0,1.0,,89.0,1,1,1,0 isolated,,2.9340200424194336,5.218336637871484
327,7,7,0.0,0.0,1.0,,89.0,0,0,3,0 isolated,,2.91621994972229,2.384726557186698
328,6,6,0.0,0.0,1.0,,51.0,0,0,1,0 isolated,,2.104789972305298,5.195116008596327
329,7,7,0.0,0.0,1.0,,89.0,1,1,1,0 isolated,,3.843590021133423,6.795111115948647
330,2,2,0.0,0.0,1.0,,38.0,0,0,9,0 isolated,,2.8622100353240967,6.965369514078307
331,2,2,0.0,0.0,1.0,,38.0,0,0,9,0 isolated,,2.252229928970337,5.460420340957217
332,6,6,0.0,0.0,1.0,,51.0,1,1,3,0 isolated,,2.401829957962036,2.1218812470826984
333,1,1,0.0,0.0,1.0,,26.0,1,1,9,0 isolated,,2.4500300884246826,13.315497550155827
334,3,3,0.0,0.0,1.0,,30.0,1,1,8,0 isolated,,3.6664600372314453,5.457451217146798
335,7,7,0.0,0.0,1.0,,89.0,1,1,9,0 isolated,,1.0,8.33507525527136
336,9,9,0.0,0.0,1.0,,30.0,1,0,3,0 isolated,,3.333620071411133,6.189077682502696
337,7,7,0.0,0.0,1.0,,89.0,1,1,9,0 isolated,,1.8633099794387817,9.528122831794835
338,7,7,0.0,0.0,1.0,,89.0,0,0,0,0 isolated,,2.661099910736084,6.590447307127304
339,6,6,0.0,0.0,1.0,,51.0,0,0,1,0 isolated,,1.9793800115585327,3.099475003279447
340,2,2,0.0,0.0,1.0,,38.0,1,1,8,0 isolated,,3.316499948501587,1.8723108829754556
341,1,1,0.0,0.0,1.0,,26.0,1,0,8,0 isolated,,2.907099962234497,3.885164755575387
342,7,7,0.0,0.0,1.0,,89.0,0,0,0,0 isolated,,2.883229970932007,4.364129482103819
343,7,7,0.0,0.0,1.0,,89.0,0,0,2,0 isolated,,3.0339999198913574,18.57391718310982
344,0,0,0.0,0.0,1.0,,15.0,1,1,7,0 isolated,,6.0301899909973145,12.481201417645103
345,8,8,0.0,0.0,1.0,,50.0,0,0,8,0 isolated,,2.359250068664551,5.955505950975456
346,2,2,0.0,0.0,1.0,,38.0,1,1,8,0 isolated,,3.0576300621032715,4.074493164408204
347,2,2,0.0,0.0,1.0,,38.0,0,0,9,0 isolated,,3.0148000717163086,7.804817294976694
348,7,7,0.0,0.0,1.0,,89.0,0,0,3,0 isolated,,3.156409978866577,1.841565349308446
349,4,4,0.0,0.0,1.0,,33.0,0,0,6,0 isolated,,5.5225300788879395,28.22715383374831
350,9,9,2.0,0.0,3.0,0.0,30.0,1,1,0,2 path,0 no foreign neighbour,1.8722200393676758,3.0363256937153387
351,9,9,1.0,0.0,3.0,0.0,30.0,1,1,0,1 tip,0 no foreign neighbour,2.364949941635132,2.0056326840303567
352,4,4,1.0,0.0,8.0,0.0,33.0,0,0,7,1 tip,0 no foreign neighbour,4.949389934539795,8.39419005920993
353,8,8,0.0,0.0,1.0,,50.0,0,0,8,0 isolated,,4.018420219421387,5.049483193648468
354,1,1,0.0,0.0,1.0,,26.0,1,0,8,0 isolated,,3.194659948348999,8.341074176298683
355,0,0,0.0,0.0,1.0,,15.0,1,1,6,0 isolated,,5.325669765472412,38.27337440208719
356,7,7,0.0,0.0,1.0,,89.0,0,0,0,0 isolated,,2.252700090408325,3.5765571237605616
357,1,1,2.0,0.0,3.0,0.0,26.0,1,1,8,2 path,0 no foreign neighbour,3.8568899631500244,3.3244256188017562
358,1,1,0.0,0.0,1.0,,26.0,1,1,7,0 isolated,,3.6364901065826416,7.563235314338506
359,3,3,0.0,0.0,1.0,,30.0,1,1,7,0 isolated,,3.523010015487671,11.292110617393515
360,8,8,1.0,0.0,3.0,0.0,50.0,0,0,8,1 tip,0 no foreign neighbour,3.3405799865722656,10.438366184774566
361,8,8,2.0,0.0,3.0,0.0,50.0,0,0,8,2 path,0 no foreign neighbour,3.0584800243377686,3.779554429639414
362,2,2,0.0,0.0,1.0,,38.0,1,1,8,0 isolated,,2.9233200550079346,3.1983334283284277
363,7,7,0.0,0.0,1.0,,89.0,0,0,2,0 isolated,,2.5477700233459473,18.240109485474335
364,8,8,0.0,0.0,1.0,,50.0,1,1,7,0 isolated,,3.341370105743408,16.709057397488735
365,2,2,0.0,0.0,1.0,,38.0,0,0,9,0 isolated,,3.2706398963928223,6.069021592030882
366,4,4,0.0,0.0,1.0,,33.0,0,0,7,0 isolated,,4.805769920349121,39.003907303480084
367,0,0,0.0,0.0,1.0,,15.0,1,1,7,0 isolated,,4.107490062713623,10.219966812042628
368,6,6,0.0,0.0,1.0,,51.0,1,1,3,0 isolated,,2.0888900756835938,2.3021572306724325
369,1,1,0.0,0.0,1.0,,26.0,1,1,7,0 isolated,,2.8375298976898193,2.97006176705572
370,4,4,0.0,0.0,1.0,,33.0,0,0,7,0 isolated,,4.425909996032715,4.284638327015844
371,4,4,0.0,0.0,1.0,,33.0,1,1,8,0 isolated,,3.641319990158081,7.109910062822855
372,3,3,2.0,0.0,8.0,0.5,30.0,1,1,8,2 path,mixed,1.6441899538040161,5.558707177995608
373,0,0,1.0,0.0,8.0,1.0,15.0,1,1,8,1 tip,1 all neighbours foreign,2.684030055999756,16.85394815886901
374,4,4,0.0,0.0,1.0,,33.0,0,0,7,0 isolated,,4.866230010986328,8.593067703280129
375,9,9,0.0,0.0,1.0,,30.0,1,1,5,0 isolated,,2.805609941482544,6.8434927592349
376,4,4,0.0,0.0,1.0,,33.0,1,1,9,0 isolated,,4.312640190124512,13.332207605430472
377,4,4,0.0,0.0,1.0,,33.0,1,1,8,0 isolated,,5.586880207061768,4.143152118478227
378,9,9,0.0,0.0,1.0,,30.0,1,1,5,0 isolated,,3.7423698902130127,8.064235126377605
379,7,7,0.0,0.0,1.0,,89.0,0,0,0,0 isolated,,2.4002299308776855,1.8582377050120733
380,8,8,0.0,0.0,1.0,,50.0,1,0,9,0 isolated,,3.3305299282073975,5.5008268518831995
381,9,9,0.0,0.0,1.0,,30.0,1,1,5,0 isolated,,2.631279945373535,8.601552069034675
382,1,1,1.0,0.0,3.0,0.0,26.0,1,1,8,1 tip,0 no foreign neighbour,2.652630090713501,4.428609549378423
