node,label,label_name,degree,clustering,component_size,boundary,class_size,error,stable_error,cluster,degree_bin,boundary_bin,dist_from_mean_coordinate
0,4,secondary,2.0,0.0,575.0,0.5,46.0,1,1,2,2 path,mixed,0.003529556794092059
1,3,residential,2.0,0.0,575.0,0.5,260.0,0,0,2,2 path,mixed,0.003790409304201603
2,4,secondary,3.0,0.0,575.0,0.3333333333333333,46.0,1,1,4,3+ branch,mixed,0.0029470189474523067
3,4,secondary,1.0,0.0,575.0,0.0,46.0,1,1,4,1 tip,0 no foreign neighbour,0.0026846230030059814
4,3,residential,2.0,0.0,575.0,0.5,260.0,0,0,2,2 path,mixed,0.0016990357544273138
5,2,path,2.0,0.0,575.0,0.0,70.0,1,1,6,2 path,0 no foreign neighbour,0.00928403902798891
6,2,path,2.0,0.0,575.0,0.5,70.0,1,1,6,2 path,mixed,0.007621758617460728
7,2,path,2.0,0.0,575.0,1.0,70.0,1,1,0,2 path,1 all neighbours foreign,0.007200596854090691
8,1,footway,2.0,0.0,575.0,0.5,39.0,1,1,6,2 path,mixed,0.010445276275277138
9,1,footway,0.0,0.0,575.0,,39.0,1,1,6,0 isolated,,0.010677292943000793
10,2,path,2.0,0.0,575.0,0.5,70.0,1,1,6,2 path,mixed,0.009239697828888893
11,1,footway,1.0,0.0,575.0,0.0,39.0,1,1,6,1 tip,0 no foreign neighbour,0.008837110362946987
12,2,path,2.0,0.0,575.0,0.5,70.0,1,1,6,2 path,mixed,0.010301250033080578
13,1,footway,1.0,0.0,575.0,0.0,39.0,1,1,6,1 tip,0 no foreign neighbour,0.008467220701277256
14,2,path,1.0,0.0,575.0,1.0,70.0,0,0,8,1 tip,1 all neighbours foreign,0.005329673178493977
15,3,residential,2.0,0.0,575.0,0.5,260.0,0,0,0,2 path,mixed,0.005243042949587107
16,1,footway,2.0,0.0,575.0,1.0,39.0,1,1,2,2 path,1 all neighbours foreign,0.0014517566887661815
17,3,residential,2.0,0.0,575.0,0.0,260.0,0,0,2,2 path,0 no foreign neighbour,0.0010375697165727615
18,3,residential,2.0,0.0,575.0,0.5,260.0,0,0,2,2 path,mixed,0.00161708181258291
19,1,footway,1.0,0.0,575.0,0.0,39.0,1,1,2,1 tip,0 no foreign neighbour,0.0015577247831970453
20,3,residential,0.0,0.0,575.0,,260.0,0,0,6,0 isolated,,0.01222900953143835
21,4,secondary,3.0,0.0,575.0,0.3333333333333333,46.0,1,1,4,3+ branch,mixed,0.00413720216602087
22,4,secondary,1.0,0.0,575.0,0.0,46.0,1,1,4,1 tip,0 no foreign neighbour,0.0036590832751244307
23,3,residential,2.0,0.0,575.0,0.5,260.0,0,0,2,2 path,mixed,0.007424166426062584
24,3,residential,1.0,0.0,575.0,0.0,260.0,0,0,2,1 tip,0 no foreign neighbour,0.007079679518938065
25,3,residential,3.0,0.0,575.0,0.0,260.0,0,0,2,3+ branch,0 no foreign neighbour,0.006272963248193264
26,3,residential,2.0,0.0,575.0,0.5,260.0,1,0,5,2 path,mixed,0.004577549174427986
27,2,path,0.0,0.0,575.0,,70.0,1,1,5,0 isolated,,0.005483036395162344
28,3,residential,2.0,0.0,575.0,0.5,260.0,1,0,5,2 path,mixed,0.0039529092609882355
29,2,path,0.0,0.0,575.0,,70.0,1,1,5,0 isolated,,0.004852748475968838
30,3,residential,2.0,0.0,575.0,0.5,260.0,1,0,8,2 path,mixed,0.003465571440756321
31,2,path,0.0,0.0,575.0,,70.0,0,0,8,0 isolated,,0.0043722111731767654
32,3,residential,1.0,0.0,575.0,1.0,260.0,1,0,8,1 tip,1 all neighbours foreign,0.0031635502818971872
33,2,path,0.0,0.0,575.0,,70.0,0,0,8,0 isolated,,0.0040771011263132095
34,3,residential,1.0,0.0,575.0,1.0,260.0,1,0,8,1 tip,1 all neighbours foreign,0.0029948465526103973
35,2,path,0.0,0.0,575.0,,70.0,0,0,8,0 isolated,,0.0035783906932920218
36,3,residential,2.0,0.0,575.0,0.0,260.0,1,0,5,2 path,0 no foreign neighbour,0.003636552719399333
37,3,residential,1.0,0.0,575.0,1.0,260.0,1,0,5,1 tip,1 all neighbours foreign,0.003057384630665183
38,3,residential,1.0,0.0,575.0,0.0,260.0,0,0,0,1 tip,0 no foreign neighbour,0.004072518087923527
39,3,residential,2.0,1.0,575.0,0.0,260.0,0,0,0,2 path,0 no foreign neighbour,0.0029509810265153646
40,3,residential,2.0,0.0,575.0,0.0,260.0,0,0,0,2 path,0 no foreign neighbour,0.006473536137491465
41,3,residential,1.0,0.0,575.0,0.0,260.0,0,0,0,1 tip,0 no foreign neighbour,0.00714428536593914
42,3,residential,2.0,0.0,575.0,0.5,260.0,0,0,6,2 path,mixed,0.00838626641780138
43,3,residential,1.0,0.0,575.0,0.0,260.0,0,0,0,1 tip,0 no foreign neighbour,0.010357250459492207
44,5,service,1.0,0.0,575.0,1.0,116.0,1,1,2,1 tip,1 all neighbours foreign,0.0018396041123196483
45,3,residential,1.0,0.0,575.0,0.0,260.0,0,0,2,1 tip,0 no foreign neighbour,0.001779091195203364
46,3,residential,2.0,0.0,575.0,0.0,260.0,1,0,8,2 path,0 no foreign neighbour,0.002219004323706031
47,3,residential,0.0,0.0,575.0,,260.0,0,0,2,0 isolated,,0.0025781511794775724
48,4,secondary,2.0,1.0,575.0,1.0,46.0,1,1,3,2 path,1 all neighbours foreign,0.011320820078253746
49,2,path,2.0,0.0,575.0,0.5,70.0,1,1,3,2 path,mixed,0.012411246076226234
50,2,path,2.0,0.0,575.0,0.5,70.0,1,1,7,2 path,mixed,0.011142786592245102
51,3,residential,2.0,0.0,575.0,0.0,260.0,0,0,1,2 path,0 no foreign neighbour,0.007588277105242014
52,3,residential,1.0,0.0,575.0,0.0,260.0,0,0,1,1 tip,0 no foreign neighbour,0.00854259729385376
53,4,secondary,2.0,0.0,575.0,0.5,46.0,1,1,2,2 path,mixed,0.003153684316202998
54,3,residential,2.0,0.0,575.0,0.0,260.0,0,0,2,2 path,0 no foreign neighbour,0.0020458591170608997
55,3,residential,2.0,0.0,575.0,0.0,260.0,0,0,0,2 path,0 no foreign neighbour,0.006229809485375881
56,3,residential,2.0,0.0,575.0,0.0,260.0,0,0,6,2 path,0 no foreign neighbour,0.007172309327870607
57,4,secondary,2.0,0.0,575.0,0.5,46.0,0,0,5,2 path,mixed,0.007412581238895655
58,2,path,2.0,0.0,575.0,0.0,70.0,0,0,8,2 path,0 no foreign neighbour,0.005136116873472929
59,2,path,2.0,0.0,575.0,0.5,70.0,1,1,1,2 path,mixed,0.009668652899563313
60,3,residential,0.0,0.0,575.0,,260.0,0,0,1,0 isolated,,0.008887425065040588
61,2,path,1.0,0.0,575.0,0.0,70.0,1,1,1,1 tip,0 no foreign neighbour,0.010315255261957645
62,2,path,1.0,0.0,575.0,1.0,70.0,1,1,1,1 tip,1 all neighbours foreign,0.010691151022911072
63,3,residential,2.0,0.0,575.0,0.5,260.0,0,0,1,2 path,mixed,0.009726106189191341
64,2,path,1.0,0.0,575.0,0.0,70.0,1,1,1,1 tip,0 no foreign neighbour,0.011021834798157215
65,3,residential,2.0,0.0,575.0,0.5,260.0,1,0,7,2 path,mixed,0.00993096549063921
66,2,path,2.0,1.0,575.0,0.0,70.0,1,1,7,2 path,0 no foreign neighbour,0.01141397561877966
67,3,residential,0.0,0.0,575.0,,260.0,1,0,7,0 isolated,,0.010665545240044594
68,2,path,1.0,0.0,575.0,1.0,70.0,1,1,7,1 tip,1 all neighbours foreign,0.011318709701299667
69,2,path,2.0,0.0,575.0,0.0,70.0,1,1,1,2 path,0 no foreign neighbour,0.010794375091791153
70,3,residential,1.0,0.0,575.0,0.0,260.0,0,0,1,1 tip,0 no foreign neighbour,0.009521626867353916
71,2,path,1.0,0.0,575.0,0.0,70.0,1,1,1,1 tip,0 no foreign neighbour,0.011307891458272934
72,3,residential,2.0,0.0,575.0,0.0,260.0,0,0,1,2 path,0 no foreign neighbour,0.007538015954196453
73,3,residential,0.0,0.0,575.0,,260.0,0,0,1,0 isolated,,0.00686279684305191
74,3,residential,2.0,0.0,575.0,0.0,260.0,0,0,1,2 path,0 no foreign neighbour,0.0075766234658658504
75,3,residential,0.0,0.0,575.0,,260.0,0,0,1,0 isolated,,0.006880523171275854
76,3,residential,2.0,0.0,575.0,0.0,260.0,1,0,7,2 path,0 no foreign neighbour,0.008586525917053223
77,3,residential,0.0,0.0,575.0,,260.0,1,0,7,0 isolated,,0.007968086749315262
78,3,residential,2.0,0.0,575.0,1.0,260.0,0,0,1,2 path,1 all neighbours foreign,0.005124581512063742
79,4,secondary,1.0,0.0,575.0,0.0,46.0,1,1,4,1 tip,0 no foreign neighbour,0.00563292670994997
80,1,footway,2.0,0.0,575.0,0.0,39.0,1,1,0,2 path,0 no foreign neighbour,0.004415742587298155
81,3,residential,2.0,0.0,575.0,0.5,260.0,0,0,0,2 path,mixed,0.00410205265507102
82,3,residential,0.0,0.0,575.0,,260.0,0,0,0,0 isolated,,0.004535065498203039
83,2,path,1.0,0.0,575.0,0.0,70.0,0,0,8,1 tip,0 no foreign neighbour,0.005047237500548363
84,7,unclassified,2.0,0.0,575.0,0.5,13.0,1,1,8,2 path,mixed,0.005379379726946354
85,2,path,1.0,0.0,575.0,0.0,70.0,0,0,8,1 tip,0 no foreign neighbour,0.0048903897404670715
86,7,unclassified,2.0,0.0,575.0,0.5,13.0,1,1,5,2 path,mixed,0.005862494930624962
87,2,path,1.0,0.0,575.0,0.0,70.0,1,1,5,1 tip,0 no foreign neighbour,0.00538110313937068
88,2,path,2.0,0.0,575.0,0.0,70.0,0,0,8,2 path,0 no foreign neighbour,0.0038406436797231436
89,1,footway,1.0,0.0,575.0,1.0,39.0,1,1,0,1 tip,1 all neighbours foreign,0.0039550550282001495
90,2,path,1.0,0.0,575.0,0.0,70.0,1,1,0,1 tip,0 no foreign neighbour,0.0039223008789122105
91,3,residential,1.0,0.0,575.0,0.0,260.0,0,0,1,1 tip,0 no foreign neighbour,0.008582724258303642
92,3,residential,2.0,0.0,575.0,0.0,260.0,0,0,0,2 path,0 no foreign neighbour,0.008876493200659752
93,3,residential,2.0,0.0,575.0,0.0,260.0,0,0,0,2 path,0 no foreign neighbour,0.009370400570333004
94,3,residential,2.0,0.0,575.0,0.0,260.0,0,0,6,2 path,0 no foreign neighbour,0.005033365450799465
95,5,service,1.0,0.0,575.0,1.0,116.0,1,1,2,1 tip,1 all neighbours foreign,0.002871294040232897
96,4,secondary,1.0,0.0,575.0,0.0,46.0,1,1,2,1 tip,0 no foreign neighbour,0.002890565898269415
97,3,residential,2.0,0.0,575.0,0.0,260.0,1,0,7,2 path,0 no foreign neighbour,0.010039043612778187
98,3,residential,0.0,0.0,575.0,,260.0,1,0,7,0 isolated,,0.00943334586918354
99,8,Unclassified,0.0,0.0,1.0,,13.0,1,1,7,0 isolated,,0.009272979572415352
100,5,service,2.0,0.0,575.0,0.5,116.0,1,1,5,2 path,mixed,0.011101456359028816
101,3,residential,1.0,0.0,575.0,0.0,260.0,0,0,2,1 tip,0 no foreign neighbour,0.009355034679174423
102,3,residential,2.0,0.0,575.0,0.0,260.0,0,0,2,2 path,0 no foreign neighbour,0.004573770333081484
103,3,residential,0.0,0.0,575.0,,260.0,0,0,2,0 isolated,,0.004832286853343248
104,0,cycleway,3.0,0.0,575.0,0.6666666666666666,30.0,1,1,2,3+ branch,mixed,0.005699510220438242
105,3,residential,2.0,0.0,575.0,0.0,260.0,0,0,2,2 path,0 no foreign neighbour,0.005940967705100775
106,3,residential,0.0,0.0,575.0,,260.0,0,0,2,0 isolated,,0.00558427581563592
107,3,residential,0.0,0.0,575.0,,260.0,0,0,2,0 isolated,,0.004754455294460058
108,3,residential,1.0,0.0,575.0,0.0,260.0,0,0,2,1 tip,0 no foreign neighbour,0.007720514666289091
109,3,residential,2.0,0.0,575.0,0.0,260.0,0,0,2,2 path,0 no foreign neighbour,0.007272442802786827
110,3,residential,1.0,0.0,575.0,0.0,260.0,0,0,2,1 tip,0 no foreign neighbour,0.007559041492640972
111,3,residential,1.0,0.0,575.0,0.0,260.0,0,0,2,1 tip,0 no foreign neighbour,0.0069237989373505116
112,3,residential,2.0,0.0,575.0,0.0,260.0,0,0,2,2 path,0 no foreign neighbour,0.0070032235234975815
113,3,residential,0.0,0.0,575.0,,260.0,0,0,2,0 isolated,,0.006871483754366636
114,0,cycleway,3.0,0.0,575.0,0.3333333333333333,30.0,1,1,2,3+ branch,mixed,0.004194166045635939
115,0,cycleway,2.0,0.0,575.0,1.0,30.0,1,1,2,2 path,1 all neighbours foreign,0.003922632429748774
116,3,residential,2.0,0.0,575.0,0.5,260.0,0,0,2,2 path,mixed,0.0050613125786185265
117,3,residential,1.0,0.0,575.0,0.0,260.0,0,0,2,1 tip,0 no foreign neighbour,0.0037263245321810246
118,0,cycleway,0.0,0.0,575.0,,30.0,1,1,2,0 isolated,,0.0048898132517933846
119,3,residential,1.0,0.0,575.0,0.0,260.0,0,0,2,1 tip,0 no foreign neighbour,0.00541412690654397
120,3,residential,0.0,0.0,575.0,,260.0,0,0,2,0 isolated,,0.0055137863382697105
121,7,unclassified,0.0,0.0,575.0,,13.0,1,1,2,0 isolated,,0.003767414717003703
122,3,residential,2.0,0.0,575.0,0.5,260.0,0,0,2,2 path,mixed,0.006470805499702692
123,0,cycleway,2.0,0.0,575.0,0.5,30.0,1,1,2,2 path,mixed,0.006434727925807238
124,3,residential,2.0,0.0,575.0,0.0,260.0,0,0,2,2 path,0 no foreign neighbour,0.0010644032154232264
125,3,residential,1.0,0.0,575.0,0.0,260.0,0,0,2,1 tip,0 no foreign neighbour,0.0012417648686096072
126,3,residential,2.0,0.0,575.0,0.0,260.0,0,0,2,2 path,0 no foreign neighbour,0.003636755049228668
127,3,residential,1.0,0.0,575.0,0.0,260.0,0,0,2,1 tip,0 no foreign neighbour,0.003677567932754755
128,3,residential,2.0,0.0,575.0,0.0,260.0,0,0,2,2 path,0 no foreign neighbour,0.0045121535658836365
129,3,residential,0.0,0.0,575.0,,260.0,0,0,4,0 isolated,,0.00470148166641593
130,0,cycleway,1.0,0.0,575.0,1.0,30.0,1,1,2,1 tip,1 all neighbours foreign,0.012093701399862766
131,8,Unclassified,0.0,0.0,1.0,,13.0,1,1,3,0 isolated,,0.011132966727018356
132,3,residential,2.0,0.0,575.0,0.0,260.0,0,0,3,2 path,0 no foreign neighbour,0.010978949256241322
133,3,residential,0.0,0.0,575.0,,260.0,0,0,3,0 isolated,,0.010089697316288948
134,5,service,3.0,0.0,575.0,0.3333333333333333,116.0,1,1,3,3+ branch,mixed,0.009996509179472923
135,5,service,1.0,0.0,575.0,0.0,116.0,1,1,3,1 tip,0 no foreign neighbour,0.010445033200085163
136,3,residential,2.0,0.0,575.0,0.5,260.0,0,0,3,2 path,mixed,0.010468699038028717
137,3,residential,3.0,0.0,575.0,0.0,260.0,0,0,3,3+ branch,0 no foreign neighbour,0.00852103903889656
138,3,residential,2.0,0.0,575.0,0.5,260.0,0,0,2,2 path,mixed,0.0026220313739031553
139,4,secondary,2.0,0.0,575.0,0.5,46.0,1,1,2,2 path,mixed,0.0034420040901750326
140,3,residential,2.0,0.0,575.0,0.5,260.0,1,0,8,2 path,mixed,0.005588787142187357
141,3,residential,1.0,0.0,575.0,0.0,260.0,0,0,6,1 tip,0 no foreign neighbour,0.005890791304409504
142,3,residential,1.0,0.0,575.0,0.0,260.0,0,0,6,1 tip,0 no foreign neighbour,0.007689983118325472
143,2,path,0.0,0.0,575.0,,70.0,0,0,8,0 isolated,,0.004556853324174881
144,2,path,2.0,0.0,575.0,0.5,70.0,1,1,2,2 path,mixed,0.0072768875397741795
145,3,residential,2.0,0.0,575.0,0.0,260.0,0,0,2,2 path,0 no foreign neighbour,0.0068392385728657246
146,3,residential,1.0,0.0,575.0,1.0,260.0,0,0,2,1 tip,1 all neighbours foreign,0.0063904873095452785
147,5,service,0.0,0.0,575.0,,116.0,1,1,0,0 isolated,,0.006290734279900789
148,3,residential,0.0,0.0,575.0,,260.0,0,0,6,0 isolated,,0.008842039853334427
149,5,service,1.0,0.0,575.0,1.0,116.0,1,1,2,1 tip,1 all neighbours foreign,0.011431294493377209
150,7,unclassified,1.0,0.0,575.0,0.0,13.0,1,1,2,1 tip,0 no foreign neighbour,0.011675003916025162
151,0,cycleway,2.0,0.0,575.0,0.5,30.0,1,1,2,2 path,mixed,0.011920500546693802
152,2,path,1.0,0.0,575.0,0.0,70.0,0,0,8,1 tip,0 no foreign neighbour,0.004969373345375061
153,7,unclassified,2.0,0.0,575.0,1.0,13.0,1,1,8,2 path,1 all neighbours foreign,0.005001151002943516
154,2,path,1.0,0.0,575.0,0.0,70.0,0,0,8,1 tip,0 no foreign neighbour,0.004560037981718779
155,3,residential,2.0,0.0,575.0,0.5,260.0,1,0,8,2 path,mixed,0.002937398850917816
156,1,footway,0.0,0.0,575.0,,39.0,1,1,2,0 isolated,,0.002204776741564274
157,4,secondary,1.0,0.0,575.0,0.0,46.0,1,1,2,1 tip,0 no foreign neighbour,0.007133748382329941
158,4,secondary,1.0,0.0,575.0,0.0,46.0,1,1,2,1 tip,0 no foreign neighbour,0.007627587299793959
159,7,unclassified,1.0,0.0,575.0,1.0,13.0,1,1,8,1 tip,1 all neighbours foreign,0.009560097940266132
160,5,service,1.0,0.0,575.0,0.0,116.0,1,1,2,1 tip,0 no foreign neighbour,0.010759725235402584
161,5,service,1.0,0.0,575.0,1.0,116.0,1,1,2,1 tip,1 all neighbours foreign,0.011062560603022575
162,5,service,1.0,0.0,575.0,1.0,116.0,1,1,5,1 tip,1 all neighbours foreign,0.008749579079449177
163,4,secondary,1.0,0.0,575.0,0.0,46.0,0,0,5,1 tip,0 no foreign neighbour,0.008463545702397823
164,5,service,1.0,0.0,575.0,1.0,116.0,1,1,2,1 tip,1 all neighbours foreign,0.006557483691722155
165,3,residential,2.0,0.0,575.0,0.5,260.0,0,0,4,2 path,mixed,0.006299410481005907
166,3,residential,2.0,0.0,575.0,0.5,260.0,0,0,2,2 path,mixed,0.007723541930317879
167,3,residential,2.0,0.0,575.0,0.0,260.0,0,0,2,2 path,0 no foreign neighbour,0.004614476580172777
168,1,footway,1.0,0.0,575.0,1.0,39.0,1,1,0,1 tip,1 all neighbours foreign,0.004705100320279598
169,3,residential,1.0,0.0,575.0,0.0,260.0,0,0,0,1 tip,0 no foreign neighbour,0.0051123835146427155
170,2,path,3.0,0.0,575.0,0.0,70.0,1,1,7,3+ branch,0 no foreign neighbour,0.007919608615338802
171,2,path,1.0,0.0,575.0,1.0,70.0,1,1,4,1 tip,1 all neighbours foreign,0.006918811704963446
172,3,residential,2.0,0.0,575.0,0.5,260.0,0,0,2,2 path,mixed,0.007487332448363304
173,3,residential,1.0,0.0,575.0,0.0,260.0,0,0,2,1 tip,0 no foreign neighbour,0.002290181815624237
174,4,secondary,1.0,0.0,575.0,1.0,46.0,1,1,2,1 tip,1 all neighbours foreign,0.003583605168387294
175,3,residential,2.0,0.0,575.0,0.0,260.0,0,0,4,2 path,0 no foreign neighbour,0.004137096926569939
176,5,service,2.0,0.0,575.0,0.0,116.0,0,0,7,2 path,0 no foreign neighbour,0.009609702043235302
177,5,service,0.0,0.0,575.0,,116.0,0,0,7,0 isolated,,0.009577973745763302
178,5,service,1.0,0.0,575.0,0.0,116.0,0,0,7,1 tip,0 no foreign neighbour,0.006993078161031008
179,5,service,0.0,0.0,575.0,,116.0,1,1,4,0 isolated,,0.006723177619278431
180,5,service,2.0,0.0,575.0,0.0,116.0,0,0,7,2 path,0 no foreign neighbour,0.007451736368238926
181,5,service,1.0,0.0,575.0,0.0,116.0,0,0,7,1 tip,0 no foreign neighbour,0.007322376593947411
182,5,service,0.0,0.0,575.0,,116.0,0,0,7,0 isolated,,0.008471054024994373
183,5,service,2.0,0.0,575.0,0.0,116.0,0,0,7,2 path,0 no foreign neighbour,0.008808650076389313
184,5,service,0.0,0.0,575.0,,116.0,0,0,7,0 isolated,,0.00874316692352295
185,1,footway,0.0,0.0,575.0,,39.0,1,1,4,0 isolated,,0.005334800574928522
186,3,residential,0.0,0.0,575.0,,260.0,0,0,4,0 isolated,,0.003654090454801917
187,3,residential,2.0,0.0,575.0,0.5,260.0,0,0,4,2 path,mixed,0.005093039944767952
188,3,residential,2.0,0.0,575.0,0.0,260.0,1,0,7,2 path,0 no foreign neighbour,0.008814315311610699
189,3,residential,0.0,0.0,575.0,,260.0,1,0,7,0 isolated,,0.008196452632546425
190,4,secondary,2.0,0.0,575.0,0.5,46.0,1,1,4,2 path,mixed,0.004114374052733183
191,3,residential,2.0,0.0,575.0,0.5,260.0,0,0,1,2 path,mixed,0.005663033574819565
192,5,service,0.0,0.0,575.0,,116.0,1,1,1,0 isolated,,0.005999211687594652
193,5,service,2.0,0.0,575.0,0.0,116.0,1,1,3,2 path,0 no foreign neighbour,0.009850507602095604
194,5,service,0.0,0.0,575.0,,116.0,1,1,3,0 isolated,,0.009555873461067677
195,5,service,2.0,0.0,575.0,0.0,116.0,1,1,3,2 path,0 no foreign neighbour,0.009816378355026245
196,5,service,0.0,0.0,575.0,,116.0,1,1,3,0 isolated,,0.009607815183699131
197,5,service,1.0,0.0,575.0,0.0,116.0,1,1,3,1 tip,0 no foreign neighbour,0.010847938247025013
198,3,residential,2.0,0.0,575.0,0.0,260.0,0,0,3,2 path,0 no foreign neighbour,0.010748717933893204
199,3,residential,0.0,0.0,575.0,,260.0,0,0,3,0 isolated,,0.010143590159714222
200,3,residential,2.0,0.0,575.0,0.0,260.0,0,0,3,2 path,0 no foreign neighbour,0.010388916358351707
201,3,residential,0.0,0.0,575.0,,260.0,0,0,3,0 isolated,,0.009874860756099224
202,3,residential,2.0,0.0,575.0,0.5,260.0,1,0,8,2 path,mixed,0.006267203018069267
203,5,service,0.0,0.0,575.0,,116.0,1,1,8,0 isolated,,0.006935725454241037
204,5,service,2.0,0.0,575.0,0.0,116.0,0,0,7,2 path,0 no foreign neighbour,0.007044311612844467
205,5,service,2.0,0.0,575.0,0.5,116.0,0,0,7,2 path,mixed,0.006841694470494986
206,4,secondary,1.0,0.0,575.0,0.0,46.0,1,1,2,1 tip,0 no foreign neighbour,0.002813515951856971
207,3,residential,2.0,0.0,575.0,0.0,260.0,0,0,4,2 path,0 no foreign neighbour,0.007027484942227602
208,3,residential,0.0,0.0,575.0,,260.0,0,0,4,0 isolated,,0.006970044691115618
209,3,residential,2.0,0.0,575.0,0.5,260.0,0,0,4,2 path,mixed,0.006688837893307209
210,5,service,0.0,0.0,575.0,,116.0,1,1,4,0 isolated,,0.006626741960644722
211,3,residential,2.0,0.0,575.0,0.0,260.0,0,0,2,2 path,0 no foreign neighbour,0.007545829750597477
212,3,residential,0.0,0.0,575.0,,260.0,0,0,2,0 isolated,,0.00792835932224989
213,5,service,1.0,0.0,575.0,1.0,116.0,1,1,2,1 tip,1 all neighbours foreign,0.0043044863268733025
214,4,secondary,1.0,0.0,575.0,0.0,46.0,1,1,2,1 tip,0 no foreign neighbour,0.004357604309916496
215,0,cycleway,2.0,0.0,575.0,0.5,30.0,1,1,2,2 path,mixed,0.002682669786736369
216,1,footway,2.0,0.0,575.0,0.5,39.0,1,1,2,2 path,mixed,0.0025711623020470142
217,4,secondary,1.0,0.0,575.0,1.0,46.0,1,1,2,1 tip,1 all neighbours foreign,0.0026293685659766197
218,5,service,0.0,0.0,575.0,,116.0,1,1,5,0 isolated,,0.008295126259326935
219,5,service,0.0,0.0,575.0,,116.0,1,1,5,0 isolated,,0.00991109386086464
220,1,footway,2.0,1.0,575.0,0.0,39.0,1,1,2,2 path,0 no foreign neighbour,0.0023276268038898706
221,1,footway,2.0,1.0,575.0,0.0,39.0,1,1,2,2 path,0 no foreign neighbour,0.0019936058670282364
222,3,residential,2.0,0.0,575.0,0.0,260.0,0,0,2,2 path,0 no foreign neighbour,0.0017633694224059582
223,3,residential,1.0,0.0,575.0,0.0,260.0,0,0,2,1 tip,0 no foreign neighbour,0.001184813678264618
224,1,footway,1.0,0.0,575.0,1.0,39.0,1,1,2,1 tip,1 all neighbours foreign,0.001743340166285634
225,5,service,1.0,0.0,575.0,1.0,116.0,1,1,2,1 tip,1 all neighbours foreign,0.005013162270188332
226,3,residential,1.0,0.0,575.0,0.0,260.0,0,0,2,1 tip,0 no foreign neighbour,0.005110448691993952
227,5,service,1.0,0.0,575.0,1.0,116.0,1,1,2,1 tip,1 all neighbours foreign,0.004809749778360128
228,3,residential,2.0,0.0,575.0,0.5,260.0,0,0,2,2 path,mixed,0.004833817481994629
229,5,service,0.0,0.0,575.0,,116.0,1,1,2,0 isolated,,0.00472624134272337
230,3,residential,1.0,0.0,575.0,1.0,260.0,0,0,6,1 tip,1 all neighbours foreign,0.007823030464351177
231,7,unclassified,1.0,0.0,575.0,1.0,13.0,1,1,6,1 tip,1 all neighbours foreign,0.008566992357373238
232,5,service,1.0,0.0,575.0,1.0,116.0,1,1,0,1 tip,1 all neighbours foreign,0.005071365274488926
233,3,residential,2.0,0.0,575.0,0.5,260.0,0,0,0,2 path,mixed,0.005577045492827892
234,5,service,1.0,0.0,575.0,1.0,116.0,1,1,6,1 tip,1 all neighbours foreign,0.007103543262928724
235,3,residential,1.0,0.0,575.0,0.0,260.0,0,0,6,1 tip,0 no foreign neighbour,0.006751646287739277
236,8,Unclassified,0.0,0.0,1.0,,13.0,1,1,6,0 isolated,,0.007262985687702894
237,8,Unclassified,0.0,0.0,1.0,,13.0,1,1,0,0 isolated,,0.005453611258417368
238,5,service,1.0,0.0,575.0,1.0,116.0,1,1,0,1 tip,1 all neighbours foreign,0.005577596370130777
239,3,residential,1.0,0.0,575.0,0.0,260.0,0,0,6,1 tip,0 no foreign neighbour,0.006058096420019865
240,3,residential,2.0,0.0,575.0,0.5,260.0,0,0,6,2 path,mixed,0.005573075730353594
241,5,service,0.0,0.0,575.0,,116.0,1,1,0,0 isolated,,0.005306426435709
242,5,service,0.0,0.0,575.0,,116.0,1,1,6,0 isolated,,0.008990583010017872
243,5,service,1.0,0.0,575.0,1.0,116.0,1,1,0,1 tip,1 all neighbours foreign,0.006684975232928991
244,3,residential,1.0,0.0,575.0,0.0,260.0,0,0,6,1 tip,0 no foreign neighbour,0.007131026592105627
245,5,service,1.0,0.0,575.0,1.0,116.0,1,1,0,1 tip,1 all neighbours foreign,0.004904425702989101
246,3,residential,1.0,0.0,575.0,0.0,260.0,0,0,0,1 tip,0 no foreign neighbour,0.005316773895174265
247,5,service,1.0,0.0,575.0,1.0,116.0,1,1,6,1 tip,1 all neighbours foreign,0.009769264608621597
248,3,residential,2.0,0.0,575.0,0.0,260.0,0,0,6,2 path,0 no foreign neighbour,0.009526984766125679
249,5,service,1.0,0.0,575.0,1.0,116.0,1,1,6,1 tip,1 all neighbours foreign,0.007331385742872953
250,3,residential,1.0,0.0,575.0,0.0,260.0,0,0,6,1 tip,0 no foreign neighbour,0.006950814742594957
251,5,service,1.0,0.0,575.0,1.0,116.0,1,1,0,1 tip,1 all neighbours foreign,0.0065592071041464806
252,3,residential,2.0,0.0,575.0,0.5,260.0,0,0,6,2 path,mixed,0.006047309376299381
253,5,service,1.0,0.0,575.0,1.0,116.0,1,1,6,1 tip,1 all neighbours foreign,0.007654767949134111
254,5,service,1.0,0.0,575.0,1.0,116.0,1,1,6,1 tip,1 all neighbours foreign,0.00926177203655243
255,3,residential,1.0,0.0,575.0,0.0,260.0,0,0,6,1 tip,0 no foreign neighbour,0.00907245371490717
256,3,residential,2.0,0.0,575.0,0.5,260.0,1,0,5,2 path,mixed,0.006097407080233097
257,3,residential,0.0,0.0,575.0,,260.0,1,0,5,0 isolated,,0.006191787775605917
258,3,residential,1.0,0.0,575.0,1.0,260.0,0,0,0,1 tip,1 all neighbours foreign,0.0035578536335378885
259,2,path,1.0,0.0,575.0,1.0,70.0,0,0,8,1 tip,1 all neighbours foreign,0.003402790054678917
260,1,footway,1.0,0.0,575.0,1.0,39.0,1,1,2,1 tip,1 all neighbours foreign,0.002614071825519204
261,5,service,1.0,0.0,575.0,1.0,116.0,1,1,5,1 tip,1 all neighbours foreign,0.006288232747465372
262,4,secondary,1.0,0.0,575.0,0.0,46.0,0,0,5,1 tip,0 no foreign neighbour,0.005814129486680031
263,5,service,1.0,0.0,575.0,1.0,116.0,1,1,5,1 tip,1 all neighbours foreign,0.0059138694778084755
264,4,secondary,1.0,0.0,575.0,0.0,46.0,0,0,5,1 tip,0 no foreign neighbour,0.005432593636214733
265,5,service,1.0,0.0,575.0,1.0,116.0,1,1,2,1 tip,1 all neighbours foreign,0.0027289770077914
266,4,secondary,1.0,0.0,575.0,0.0,46.0,1,1,2,1 tip,0 no foreign neighbour,0.0033067921176552773
267,5,service,1.0,0.0,575.0,1.0,116.0,1,1,1,1 tip,1 all neighbours foreign,0.006521453149616718
268,4,secondary,2.0,0.0,575.0,0.5,46.0,0,0,5,2 path,mixed,0.0063977353274822235
269,4,secondary,2.0,0.0,575.0,0.5,46.0,1,1,4,2 path,mixed,0.003722187364473939
270,1,footway,1.0,0.0,575.0,0.0,39.0,1,1,4,1 tip,0 no foreign neighbour,0.0033076247200369835
271,8,Unclassified,0.0,0.0,1.0,,13.0,1,1,0,0 isolated,,0.004537145607173443
272,5,service,1.0,0.0,575.0,1.0,116.0,1,1,2,1 tip,1 all neighbours foreign,0.0025786550249904394
273,3,residential,1.0,0.0,575.0,0.0,260.0,0,0,2,1 tip,0 no foreign neighbour,0.002623161533847451
274,5,service,1.0,0.0,575.0,1.0,116.0,1,1,0,1 tip,1 all neighbours foreign,0.007710221689194441
275,3,residential,1.0,0.0,575.0,0.0,260.0,0,0,0,1 tip,0 no foreign neighbour,0.008242695592343807
276,5,service,1.0,0.0,575.0,1.0,116.0,1,1,0,1 tip,1 all neighbours foreign,0.005776092875748873
277,3,residential,2.0,0.0,575.0,0.5,260.0,0,0,0,2 path,mixed,0.0059498935006558895
278,5,service,1.0,0.0,575.0,1.0,116.0,1,1,0,1 tip,1 all neighbours foreign,0.006604052614420652
279,3,residential,1.0,0.0,575.0,0.0,260.0,0,0,0,1 tip,0 no foreign neighbour,0.006772492080926895
280,5,service,1.0,0.0,575.0,1.0,116.0,1,1,2,1 tip,1 all neighbours foreign,0.003361983224749565
281,3,residential,1.0,0.0,575.0,0.0,260.0,0,0,2,1 tip,0 no foreign neighbour,0.0034318631514906883
282,5,service,1.0,0.0,575.0,1.0,116.0,1,1,2,1 tip,1 all neighbours foreign,0.0070166741497814655
283,3,residential,1.0,0.0,575.0,0.0,260.0,0,0,2,1 tip,0 no foreign neighbour,0.007583845406770706
284,8,Unclassified,0.0,0.0,1.0,,13.0,1,1,0,0 isolated,,0.007199813146144152
285,5,service,1.0,0.0,575.0,1.0,116.0,1,1,2,1 tip,1 all neighbours foreign,0.006239225622266531
286,3,residential,1.0,0.0,575.0,0.0,260.0,0,0,0,1 tip,0 no foreign neighbour,0.0061173513531684875
287,5,service,1.0,0.0,575.0,1.0,116.0,1,1,2,1 tip,1 all neighbours foreign,0.0036552906967699528
288,3,residential,1.0,0.0,575.0,0.0,260.0,0,0,2,1 tip,0 no foreign neighbour,0.0037175684701651335
289,5,service,1.0,0.0,575.0,1.0,116.0,1,1,0,1 tip,1 all neighbours foreign,0.004092964809387922
290,3,residential,2.0,0.0,575.0,0.0,260.0,0,0,0,2 path,0 no foreign neighbour,0.004424331244081259
291,5,service,1.0,0.0,575.0,1.0,116.0,1,1,0,1 tip,1 all neighbours foreign,0.006317824590951204
292,3,residential,1.0,0.0,575.0,0.0,260.0,0,0,0,1 tip,0 no foreign neighbour,0.006500333081930876
293,5,service,1.0,0.0,575.0,1.0,116.0,1,1,2,1 tip,1 all neighbours foreign,0.003092744154855609
294,3,residential,1.0,0.0,575.0,0.0,260.0,0,0,2,1 tip,0 no foreign neighbour,0.003165190340951085
295,3,residential,2.0,0.0,575.0,0.5,260.0,0,0,2,2 path,mixed,0.0047639599069952965
296,5,service,0.0,0.0,575.0,,116.0,1,1,2,0 isolated,,0.004882024135440588
297,5,service,1.0,0.0,575.0,1.0,116.0,1,1,2,1 tip,1 all neighbours foreign,0.004437221214175224
298,3,residential,1.0,0.0,575.0,0.0,260.0,0,0,2,1 tip,0 no foreign neighbour,0.004521016031503677
299,8,Unclassified,0.0,0.0,1.0,,13.0,1,1,0,0 isolated,,0.005276393610984087
300,5,service,1.0,0.0,575.0,1.0,116.0,1,1,2,1 tip,1 all neighbours foreign,0.005725210998207331
301,3,residential,1.0,0.0,575.0,0.0,260.0,0,0,2,1 tip,0 no foreign neighbour,0.0056116231717169285
302,5,service,1.0,0.0,575.0,1.0,116.0,1,1,2,1 tip,1 all neighbours foreign,0.006991588976234198
303,3,residential,1.0,0.0,575.0,0.0,260.0,0,0,0,1 tip,0 no foreign neighbour,0.006912851706147194
304,1,footway,1.0,0.0,575.0,1.0,39.0,1,1,0,1 tip,1 all neighbours foreign,0.004389501642435789
305,3,residential,2.0,0.0,575.0,0.0,260.0,0,0,0,2 path,0 no foreign neighbour,0.0048398785293102264
306,5,service,1.0,0.0,575.0,1.0,116.0,1,1,0,1 tip,1 all neighbours foreign,0.00823929626494646
307,3,residential,1.0,0.0,575.0,0.0,260.0,0,0,6,1 tip,0 no foreign neighbour,0.007931988686323166
308,5,service,1.0,0.0,575.0,1.0,116.0,1,1,2,1 tip,1 all neighbours foreign,0.0031548033002763987
309,1,footway,1.0,0.0,575.0,1.0,39.0,1,1,0,1 tip,1 all neighbours foreign,0.00642084376886487
310,3,residential,1.0,0.0,575.0,0.0,260.0,0,0,6,1 tip,0 no foreign neighbour,0.006073615048080683
311,1,footway,1.0,0.0,575.0,1.0,39.0,1,1,0,1 tip,1 all neighbours foreign,0.0067849596962332726
312,3,residential,2.0,0.0,575.0,0.5,260.0,0,0,6,2 path,mixed,0.006599831394851208
313,5,service,1.0,0.0,575.0,1.0,116.0,1,1,2,1 tip,1 all neighbours foreign,0.006342623848468065
314,3,residential,1.0,0.0,575.0,0.0,260.0,0,0,2,1 tip,0 no foreign neighbour,0.005821904167532921
315,3,residential,2.0,0.0,575.0,0.5,260.0,0,0,2,2 path,mixed,0.00579501548781991
316,5,service,0.0,0.0,575.0,,116.0,1,1,2,0 isolated,,0.006214788183569908
317,2,path,2.0,0.0,575.0,0.5,70.0,1,1,0,2 path,mixed,0.006221471820026636
318,3,residential,1.0,0.0,575.0,0.0,260.0,0,0,0,1 tip,0 no foreign neighbour,0.005721946246922016
319,8,Unclassified,0.0,0.0,1.0,,13.0,1,1,0,0 isolated,,0.003782078856602311
320,3,residential,2.0,0.0,575.0,0.5,260.0,0,0,2,2 path,mixed,0.004939990118145943
321,5,service,0.0,0.0,575.0,,116.0,1,1,2,0 isolated,,0.004953896626830101
322,8,Unclassified,0.0,0.0,1.0,,13.0,1,1,0,0 isolated,,0.004153097048401833
323,5,service,1.0,0.0,575.0,1.0,116.0,1,1,2,1 tip,1 all neighbours foreign,0.005708231590688229
324,3,residential,2.0,0.0,575.0,0.0,260.0,0,0,2,2 path,0 no foreign neighbour,0.0057365549728274345
325,1,footway,1.0,0.0,575.0,1.0,39.0,1,1,0,1 tip,1 all neighbours foreign,0.006137781776487827
326,3,residential,1.0,0.0,575.0,1.0,260.0,0,0,0,1 tip,1 all neighbours foreign,0.005303582176566124
327,1,footway,1.0,0.0,575.0,0.0,39.0,1,1,0,1 tip,0 no foreign neighbour,0.006325056776404381
328,1,footway,0.0,0.0,575.0,,39.0,1,1,0,0 isolated,,0.005655385088175535
329,3,residential,2.0,0.0,575.0,0.0,260.0,0,0,4,2 path,0 no foreign neighbour,0.005075160413980484
330,8,Unclassified,0.0,0.0,1.0,,13.0,1,1,4,0 isolated,,0.006281577982008457
331,5,service,1.0,0.0,575.0,1.0,116.0,1,1,4,1 tip,1 all neighbours foreign,0.006291183177381754
332,3,residential,2.0,0.0,575.0,0.0,260.0,0,0,4,2 path,0 no foreign neighbour,0.006120302714407444
333,5,service,1.0,0.0,575.0,1.0,116.0,1,1,4,1 tip,1 all neighbours foreign,0.0063064368441700935
334,3,residential,1.0,0.0,575.0,0.0,260.0,0,0,4,1 tip,0 no foreign neighbour,0.006140015088021755
335,3,residential,2.0,0.0,575.0,0.5,260.0,0,0,2,2 path,mixed,0.005840440280735493
336,5,service,0.0,0.0,575.0,,116.0,1,1,2,0 isolated,,0.005686532240360975
337,8,Unclassified,0.0,0.0,1.0,,13.0,1,1,4,0 isolated,,0.006093703210353851
338,1,footway,2.0,0.0,575.0,0.5,39.0,1,1,4,2 path,mixed,0.005744611844420433
339,4,secondary,1.0,0.0,575.0,0.0,46.0,1,1,4,1 tip,0 no foreign neighbour,0.004874601028859615
340,3,residential,2.0,0.0,575.0,0.0,260.0,1,0,8,2 path,0 no foreign neighbour,0.006075801327824593
341,3,residential,2.0,0.0,575.0,0.5,260.0,0,0,3,2 path,mixed,0.0068090143613517284
342,5,service,0.0,0.0,575.0,,116.0,1,1,8,0 isolated,,0.008043074049055576
343,0,cycleway,1.0,0.0,575.0,0.0,30.0,1,1,2,1 tip,0 no foreign neighbour,0.005272755399346352
344,1,footway,1.0,0.0,575.0,1.0,39.0,1,1,5,1 tip,1 all neighbours foreign,0.009872453287243843
345,5,service,1.0,0.0,575.0,0.0,116.0,1,1,5,1 tip,0 no foreign neighbour,0.009840409271419048
346,5,service,0.0,0.0,575.0,,116.0,1,1,3,0 isolated,,0.009532522410154343
347,5,service,1.0,0.0,575.0,0.0,116.0,1,1,3,1 tip,0 no foreign neighbour,0.009528258815407753
348,5,service,2.0,0.0,575.0,0.0,116.0,1,1,3,2 path,0 no foreign neighbour,0.009890309534966946
349,5,service,1.0,0.0,575.0,0.0,116.0,1,1,3,1 tip,0 no foreign neighbour,0.009570017457008362
350,5,service,1.0,0.0,575.0,0.0,116.0,1,1,3,1 tip,0 no foreign neighbour,0.009934605099260807
351,2,path,0.0,0.0,575.0,,70.0,1,1,7,0 isolated,,0.010266152210533619
352,5,service,2.0,0.0,575.0,0.0,116.0,1,1,1,2 path,0 no foreign neighbour,0.008798397146165371
353,5,service,0.0,0.0,575.0,,116.0,1,1,1,0 isolated,,0.008529539220035076
354,5,service,0.0,0.0,575.0,,116.0,1,1,2,0 isolated,,0.004734172951430082
355,5,service,1.0,0.0,575.0,1.0,116.0,1,1,2,1 tip,1 all neighbours foreign,0.004171786364167929
356,3,residential,1.0,0.0,575.0,0.0,260.0,0,0,2,1 tip,0 no foreign neighbour,0.003650264348834753
357,5,service,1.0,0.0,575.0,1.0,116.0,1,1,2,1 tip,1 all neighbours foreign,0.0024299127981066704
358,3,residential,1.0,0.0,575.0,0.0,260.0,0,0,2,1 tip,0 no foreign neighbour,0.0019783549942076206
359,5,service,1.0,0.0,575.0,1.0,116.0,1,1,2,1 tip,1 all neighbours foreign,0.002519341418519616
360,3,residential,1.0,0.0,575.0,0.0,260.0,0,0,2,1 tip,0 no foreign neighbour,0.0020128684118390083
361,2,path,1.0,0.0,575.0,0.0,70.0,1,1,0,1 tip,0 no foreign neighbour,0.005835674237459898
362,2,path,2.0,1.0,575.0,0.0,70.0,1,1,0,2 path,0 no foreign neighbour,0.0058754971250891685
363,2,path,2.0,0.0,575.0,0.5,70.0,1,1,0,2 path,mixed,0.005907551385462284
364,5,service,1.0,0.0,575.0,1.0,116.0,1,1,2,1 tip,1 all neighbours foreign,0.005175408907234669
365,3,residential,1.0,0.0,575.0,0.0,260.0,0,0,2,1 tip,0 no foreign neighbour,0.005048067308962345
366,3,residential,2.0,0.0,575.0,0.0,260.0,1,0,5,2 path,0 no foreign neighbour,0.0033777097705751657
367,3,residential,0.0,0.0,575.0,,260.0,0,0,2,0 isolated,,0.003168414579704404
368,5,service,1.0,0.0,575.0,0.0,116.0,1,1,2,1 tip,0 no foreign neighbour,0.007814726792275906
369,5,service,0.0,0.0,575.0,,116.0,1,1,2,0 isolated,,0.007831882685422897
370,5,service,2.0,1.0,575.0,0.0,116.0,1,1,5,2 path,0 no foreign neighbour,0.00992321502417326
371,5,service,2.0,0.0,575.0,0.0,116.0,1,1,5,2 path,0 no foreign neighbour,0.008964167907834053
372,4,secondary,1.0,0.0,575.0,0.0,46.0,0,0,5,1 tip,0 no foreign neighbour,0.01041909959167242
373,5,service,1.0,0.0,575.0,0.0,116.0,1,1,2,1 tip,0 no foreign neighbour,0.001982583198696375
374,5,service,1.0,0.0,575.0,0.0,116.0,1,1,2,1 tip,0 no foreign neighbour,0.0019660498946905136
375,1,footway,1.0,0.0,575.0,0.0,39.0,1,1,6,1 tip,0 no foreign neighbour,0.006670791655778885
376,1,footway,1.0,0.0,575.0,0.0,39.0,1,1,0,1 tip,0 no foreign neighbour,0.006624072790145874
377,3,residential,1.0,0.0,575.0,0.0,260.0,0,0,2,1 tip,0 no foreign neighbour,0.0014345336239784956
378,5,service,1.0,0.0,575.0,1.0,116.0,1,1,4,1 tip,1 all neighbours foreign,0.005131857004016638
379,3,residential,1.0,0.0,575.0,0.0,260.0,0,0,4,1 tip,0 no foreign neighbour,0.0048277792520821095
380,8,Unclassified,0.0,0.0,1.0,,13.0,1,1,4,0 isolated,,0.0057669091038405895
381,5,service,0.0,0.0,575.0,,116.0,1,1,4,0 isolated,,0.005550281144678593
382,8,Unclassified,0.0,0.0,1.0,,13.0,1,1,4,0 isolated,,0.00465253833681345
383,4,secondary,2.0,0.0,575.0,0.5,46.0,1,1,7,2 path,mixed,0.007298989687114954
384,4,secondary,2.0,0.0,575.0,0.5,46.0,1,1,7,2 path,mixed,0.00891143549233675
385,1,footway,2.0,0.0,575.0,0.5,39.0,1,1,6,2 path,mixed,0.00903152022510767
386,7,unclassified,1.0,0.0,575.0,0.0,13.0,1,1,6,1 tip,0 no foreign neighbour,0.009120316244661808
387,2,path,1.0,0.0,575.0,0.0,70.0,1,1,6,1 tip,0 no foreign neighbour,0.011028177104890347
388,2,path,2.0,1.0,575.0,0.5,70.0,1,1,6,2 path,mixed,0.009286622516810894
389,1,footway,2.0,0.0,575.0,0.0,39.0,1,1,6,2 path,0 no foreign neighbour,0.007751745171844959
390,1,footway,2.0,0.0,575.0,0.0,39.0,1,1,6,2 path,0 no foreign neighbour,0.007551909890025854
391,1,footway,2.0,0.0,575.0,0.5,39.0,1,1,6,2 path,mixed,0.009355682879686356
392,7,unclassified,1.0,0.0,575.0,0.0,13.0,1,1,6,1 tip,0 no foreign neighbour,0.009561575949192047
393,3,residential,2.0,0.0,575.0,0.5,260.0,1,0,5,2 path,mixed,0.005074541550129652
394,3,residential,2.0,1.0,575.0,1.0,260.0,0,0,2,2 path,1 all neighbours foreign,0.003194281365722418
395,3,residential,1.0,0.0,575.0,1.0,260.0,0,0,2,1 tip,1 all neighbours foreign,0.0018246819963678718
396,0,cycleway,2.0,0.0,575.0,0.5,30.0,1,1,4,2 path,mixed,0.005610621999949217
397,3,residential,2.0,0.0,575.0,1.0,260.0,0,0,4,2 path,1 all neighbours foreign,0.00528984097763896
398,3,residential,0.0,0.0,575.0,,260.0,0,0,2,0 isolated,,0.007772378157824278
399,3,residential,2.0,0.0,575.0,0.5,260.0,0,0,2,2 path,mixed,0.005598940420895815
400,0,cycleway,2.0,0.0,575.0,0.5,30.0,1,1,2,2 path,mixed,0.005738704465329647
401,3,residential,2.0,0.0,575.0,1.0,260.0,0,0,2,2 path,1 all neighbours foreign,0.002749938750639558
402,4,secondary,1.0,0.0,575.0,0.0,46.0,1,1,2,1 tip,0 no foreign neighbour,0.002954307710751891
403,3,residential,1.0,0.0,575.0,0.0,260.0,1,0,8,1 tip,0 no foreign neighbour,0.006234944332391024
404,3,residential,0.0,0.0,575.0,,260.0,1,0,8,0 isolated,,0.006902521941810846
405,3,residential,1.0,0.0,575.0,0.0,260.0,0,0,2,1 tip,0 no foreign neighbour,0.0059234341606497765
406,4,secondary,2.0,0.0,575.0,0.5,46.0,1,1,4,2 path,mixed,0.008310837671160698
407,0,cycleway,2.0,0.0,575.0,0.5,30.0,1,1,4,2 path,mixed,0.00825182069092989
408,5,service,0.0,0.0,575.0,,116.0,1,1,4,0 isolated,,0.00750285480171442
409,3,residential,1.0,0.0,575.0,0.0,260.0,0,0,3,1 tip,0 no foreign neighbour,0.01116185262799263
410,3,residential,2.0,0.0,575.0,0.0,260.0,0,0,3,2 path,0 no foreign neighbour,0.010578696615993977
411,3,residential,0.0,0.0,575.0,,260.0,0,0,3,0 isolated,,0.010048343800008297
412,3,residential,2.0,0.0,575.0,0.0,260.0,0,0,3,2 path,0 no foreign neighbour,0.007841805927455425
413,3,residential,1.0,0.0,575.0,0.0,260.0,0,0,0,1 tip,0 no foreign neighbour,0.007112582679837942
414,3,residential,1.0,0.0,575.0,0.0,260.0,1,0,8,1 tip,0 no foreign neighbour,0.0071831936948001385
415,3,residential,0.0,0.0,575.0,,260.0,1,0,8,0 isolated,,0.008667473681271076
416,3,residential,2.0,0.0,575.0,0.0,260.0,1,0,8,2 path,0 no foreign neighbour,0.0030710112769156694
417,3,residential,2.0,0.0,575.0,0.0,260.0,1,0,5,2 path,0 no foreign neighbour,0.004346210975199938
418,3,residential,2.0,0.0,575.0,0.5,260.0,0,0,2,2 path,mixed,0.002021461958065629
419,3,residential,2.0,0.0,575.0,0.0,260.0,0,0,2,2 path,0 no foreign neighbour,0.001262531615793705
420,3,residential,2.0,0.0,575.0,0.0,260.0,0,0,2,2 path,0 no foreign neighbour,0.0021226229146122932
421,3,residential,2.0,0.0,575.0,0.0,260.0,0,0,0,2 path,0 no foreign neighbour,0.003060065908357501
422,3,residential,0.0,0.0,575.0,,260.0,0,0,0,0 isolated,,0.0022831163369119167
423,3,residential,2.0,0.0,575.0,0.0,260.0,0,0,0,2 path,0 no foreign neighbour,0.003788764588534832
424,3,residential,1.0,0.0,575.0,0.0,260.0,0,0,0,1 tip,0 no foreign neighbour,0.008448383770883083
425,3,residential,1.0,0.0,575.0,0.0,260.0,0,0,2,1 tip,0 no foreign neighbour,0.003161594970151782
426,3,residential,2.0,0.0,575.0,0.0,260.0,0,0,0,2 path,0 no foreign neighbour,0.0035126900766044855
427,3,residential,0.0,0.0,575.0,,260.0,0,0,0,0 isolated,,0.0039585307240486145
428,3,residential,2.0,0.0,575.0,0.0,260.0,0,0,0,2 path,0 no foreign neighbour,0.0026041343808174133
429,3,residential,2.0,0.0,575.0,0.0,260.0,0,0,6,2 path,0 no foreign neighbour,0.005444217473268509
430,3,residential,1.0,0.0,575.0,0.0,260.0,0,0,6,1 tip,0 no foreign neighbour,0.006529904901981354
431,3,residential,1.0,0.0,575.0,0.0,260.0,0,0,6,1 tip,0 no foreign neighbour,0.008734685368835926
432,3,residential,2.0,0.0,575.0,0.0,260.0,0,0,0,2 path,0 no foreign neighbour,0.010488901287317276
433,3,residential,2.0,0.0,575.0,0.0,260.0,0,0,0,2 path,0 no foreign neighbour,0.009423808194696903
434,3,residential,2.0,0.0,575.0,0.0,260.0,0,0,0,2 path,0 no foreign neighbour,0.007856766693294048
435,3,residential,0.0,0.0,575.0,,260.0,0,0,0,0 isolated,,0.008880172856152058
436,3,residential,1.0,0.0,575.0,0.0,260.0,0,0,0,1 tip,0 no foreign neighbour,0.010584035888314247
437,2,path,2.0,0.0,575.0,0.5,70.0,1,1,4,2 path,mixed,0.005884926300495863
438,3,residential,2.0,0.0,575.0,1.0,260.0,0,0,4,2 path,1 all neighbours foreign,0.00630982406437397
439,2,path,0.0,0.0,575.0,,70.0,1,1,0,0 isolated,,0.004052670672535896
440,4,secondary,2.0,0.0,575.0,0.5,46.0,1,1,2,2 path,mixed,0.0034120031632483006
441,3,residential,2.0,0.0,575.0,0.0,260.0,1,0,7,2 path,0 no foreign neighbour,0.008859803900122643
442,3,residential,2.0,0.0,575.0,0.0,260.0,0,0,1,2 path,0 no foreign neighbour,0.009749420918524265
443,3,residential,2.0,0.0,575.0,0.5,260.0,0,0,1,2 path,mixed,0.009313153102993965
444,3,residential,1.0,0.0,575.0,0.0,260.0,0,0,1,1 tip,0 no foreign neighbour,0.008521638810634613
445,3,residential,2.0,0.0,575.0,0.0,260.0,0,0,1,2 path,0 no foreign neighbour,0.0064551071263849735
446,3,residential,1.0,0.0,575.0,0.0,260.0,0,0,2,1 tip,0 no foreign neighbour,0.0019667663145810366
447,3,residential,1.0,0.0,575.0,0.0,260.0,0,0,6,1 tip,0 no foreign neighbour,0.007763192523270845
448,2,path,1.0,0.0,575.0,1.0,70.0,1,1,6,1 tip,1 all neighbours foreign,0.007264026440680027
449,5,service,2.0,0.0,575.0,0.0,116.0,1,1,1,2 path,0 no foreign neighbour,0.012477717362344265
450,3,residential,2.0,0.0,575.0,0.0,260.0,1,0,7,2 path,0 no foreign neighbour,0.009884560480713844
451,3,residential,1.0,0.0,575.0,0.0,260.0,0,0,1,1 tip,0 no foreign neighbour,0.00834101252257824
452,1,footway,2.0,0.0,575.0,1.0,39.0,1,1,2,2 path,1 all neighbours foreign,0.004119160119444132
453,4,secondary,2.0,0.0,575.0,0.5,46.0,0,0,5,2 path,mixed,0.007183187175542116
454,7,unclassified,2.0,0.0,575.0,0.5,13.0,1,1,5,2 path,mixed,0.006526533514261246
455,1,footway,2.0,1.0,575.0,1.0,39.0,1,1,8,2 path,1 all neighbours foreign,0.0038419002667069435
456,2,path,2.0,0.0,575.0,0.0,70.0,1,1,5,2 path,0 no foreign neighbour,0.005882075522094965
457,2,path,1.0,0.0,575.0,0.0,70.0,1,1,5,1 tip,0 no foreign neighbour,0.006029199343174696
458,3,residential,2.0,0.0,575.0,0.5,260.0,0,0,6,2 path,mixed,0.005871396511793137
459,4,secondary,1.0,0.0,575.0,0.0,46.0,0,0,5,1 tip,0 no foreign neighbour,0.006674852687865496
460,3,residential,1.0,0.0,575.0,1.0,260.0,0,0,1,1 tip,1 all neighbours foreign,0.007828785106539726
461,3,residential,1.0,0.0,575.0,0.0,260.0,0,0,0,1 tip,0 no foreign neighbour,0.010344140231609344
462,3,residential,2.0,0.0,575.0,0.0,260.0,0,0,6,2 path,0 no foreign neighbour,0.009909329935908318
463,3,residential,0.0,0.0,575.0,,260.0,0,0,0,0 isolated,,0.00943036936223507
464,3,residential,2.0,0.0,575.0,0.0,260.0,0,0,6,2 path,0 no foreign neighbour,0.005590768996626139
465,3,residential,2.0,0.0,575.0,0.0,260.0,0,0,2,2 path,0 no foreign neighbour,0.00029199919663369656
466,3,residential,2.0,0.0,575.0,0.0,260.0,0,0,2,2 path,0 no foreign neighbour,0.00038686307379975915
467,3,residential,0.0,0.0,575.0,,260.0,0,0,2,0 isolated,,0.0013124886900186539
468,5,service,0.0,0.0,575.0,,116.0,1,1,5,0 isolated,,0.007685542106628418
469,4,secondary,2.0,1.0,575.0,1.0,46.0,0,0,5,2 path,1 all neighbours foreign,0.010507939383387566
470,2,path,1.0,0.0,575.0,0.0,70.0,1,1,5,1 tip,0 no foreign neighbour,0.010625695809721947
471,3,residential,2.0,0.0,575.0,1.0,260.0,0,0,2,2 path,1 all neighbours foreign,0.007584512233734131
472,0,cycleway,2.0,0.0,575.0,0.5,30.0,1,1,2,2 path,mixed,0.007750753313302994
473,0,cycleway,0.0,0.0,575.0,,30.0,1,1,2,0 isolated,,0.011916249990463257
474,3,residential,2.0,1.0,575.0,0.5,260.0,0,0,2,2 path,mixed,0.007508874870836735
475,4,secondary,2.0,0.0,575.0,0.5,46.0,1,1,0,2 path,mixed,0.008934392593801022
476,3,residential,0.0,0.0,575.0,,260.0,0,0,2,0 isolated,,0.005223518703132868
477,3,residential,1.0,0.0,575.0,0.0,260.0,0,0,4,1 tip,0 no foreign neighbour,0.005629224237054586
478,3,residential,0.0,0.0,575.0,,260.0,0,0,2,0 isolated,,0.004339828621596098
479,3,residential,2.0,0.0,575.0,0.0,260.0,0,0,2,2 path,0 no foreign neighbour,0.004711516201496124
480,2,path,1.0,0.0,575.0,0.0,70.0,1,1,2,1 tip,0 no foreign neighbour,0.007556948810815811
481,0,cycleway,2.0,0.0,575.0,0.0,30.0,1,1,2,2 path,0 no foreign neighbour,0.004929928574711084
482,0,cycleway,2.0,0.0,575.0,0.5,30.0,1,1,2,2 path,mixed,0.0026488376315683126
483,3,residential,2.0,0.0,575.0,0.0,260.0,0,0,2,2 path,0 no foreign neighbour,0.006242506671696901
484,3,residential,2.0,0.0,575.0,0.5,260.0,0,0,2,2 path,mixed,0.006076854653656483
485,0,cycleway,0.0,0.0,575.0,,30.0,1,1,2,0 isolated,,0.005954642780125141
486,3,residential,1.0,0.0,575.0,0.0,260.0,0,0,2,1 tip,0 no foreign neighbour,0.006374930031597614
487,3,residential,0.0,0.0,575.0,,260.0,0,0,2,0 isolated,,0.005818607751280069
488,3,residential,2.0,0.0,575.0,0.0,260.0,0,0,2,2 path,0 no foreign neighbour,0.006668574642390013
489,3,residential,0.0,0.0,575.0,,260.0,0,0,2,0 isolated,,0.007248729933053255
490,0,cycleway,1.0,0.0,575.0,0.0,30.0,1,1,2,1 tip,0 no foreign neighbour,0.0037429919466376305
491,0,cycleway,2.0,0.0,575.0,0.5,30.0,1,1,2,2 path,mixed,0.0037704315036535263
492,3,residential,1.0,0.0,575.0,0.0,260.0,0,0,2,1 tip,0 no foreign neighbour,0.006688430905342102
493,0,cycleway,2.0,1.0,575.0,0.0,30.0,1,1,2,2 path,0 no foreign neighbour,0.005787605419754982
494,0,cycleway,2.0,0.0,575.0,0.0,30.0,1,1,2,2 path,0 no foreign neighbour,0.005915630143135786
495,3,residential,2.0,0.0,575.0,0.0,260.0,0,0,2,2 path,0 no foreign neighbour,0.0005070104380138218
496,3,residential,0.0,0.0,575.0,,260.0,0,0,3,0 isolated,,0.011760489083826542
497,2,path,1.0,0.0,575.0,0.0,70.0,1,1,2,1 tip,0 no foreign neighbour,0.00673759775236249
498,3,residential,1.0,0.0,575.0,0.0,260.0,0,0,2,1 tip,0 no foreign neighbour,0.0015686386032029986
499,4,secondary,1.0,0.0,575.0,0.0,46.0,1,1,4,1 tip,0 no foreign neighbour,0.005338110961019993
500,7,unclassified,1.0,0.0,575.0,1.0,13.0,1,1,2,1 tip,1 all neighbours foreign,0.010906882584095001
501,5,service,1.0,0.0,575.0,0.0,116.0,1,1,2,1 tip,0 no foreign neighbour,0.011838549748063087
502,4,secondary,1.0,0.0,575.0,0.0,46.0,1,1,4,1 tip,0 no foreign neighbour,0.005235867574810982
503,1,footway,2.0,0.0,575.0,0.0,39.0,1,1,6,2 path,0 no foreign neighbour,0.007391299121081829
504,3,residential,2.0,0.0,575.0,0.0,260.0,0,0,4,2 path,0 no foreign neighbour,0.007436094805598259
505,3,residential,0.0,0.0,575.0,,260.0,0,0,4,0 isolated,,0.007314674090594053
506,3,residential,1.0,0.0,575.0,0.0,260.0,0,0,4,1 tip,0 no foreign neighbour,0.0063663143664598465
507,3,residential,1.0,0.0,575.0,0.0,260.0,0,0,4,1 tip,0 no foreign neighbour,0.007127280812710524
508,3,residential,2.0,0.0,575.0,0.0,260.0,0,0,4,2 path,0 no foreign neighbour,0.006543536204844713
509,3,residential,0.0,0.0,575.0,,260.0,0,0,4,0 isolated,,0.006160348188132048
510,2,path,2.0,0.0,575.0,0.5,70.0,1,1,4,2 path,mixed,0.007123975548893213
511,2,path,0.0,0.0,575.0,,70.0,1,1,4,0 isolated,,0.0068390462547540665
512,2,path,2.0,0.0,575.0,0.0,70.0,1,1,7,2 path,0 no foreign neighbour,0.009799163788557053
513,2,path,0.0,0.0,575.0,,70.0,1,1,7,0 isolated,,0.011950930580496788
514,3,residential,2.0,0.0,575.0,1.0,260.0,0,0,4,2 path,1 all neighbours foreign,0.00643265713006258
515,5,service,0.0,0.0,575.0,,116.0,0,0,7,0 isolated,,0.00969637744128704
516,5,service,1.0,0.0,575.0,0.0,116.0,0,0,7,1 tip,0 no foreign neighbour,0.009303142316639423
517,5,service,2.0,0.0,575.0,0.0,116.0,0,0,7,2 path,0 no foreign neighbour,0.009342473931610584
518,5,service,0.0,0.0,575.0,,116.0,0,0,7,0 isolated,,0.009431810118258
519,5,service,2.0,0.0,575.0,0.5,116.0,0,0,7,2 path,mixed,0.009021635167300701
520,2,path,2.0,0.0,575.0,1.0,70.0,1,1,7,2 path,1 all neighbours foreign,0.008934582583606243
521,2,path,1.0,0.0,575.0,0.0,70.0,1,1,7,1 tip,0 no foreign neighbour,0.012025170028209686
522,5,service,2.0,0.0,575.0,0.0,116.0,0,0,7,2 path,0 no foreign neighbour,0.008368127048015594
523,5,service,1.0,0.0,575.0,0.0,116.0,1,1,3,1 tip,0 no foreign neighbour,0.01065864972770214
524,5,service,1.0,0.0,575.0,0.0,116.0,1,1,3,1 tip,0 no foreign neighbour,0.009665788151323795
525,5,service,2.0,1.0,575.0,0.0,116.0,1,1,3,2 path,0 no foreign neighbour,0.009822523221373558
526,3,residential,2.0,0.0,575.0,0.0,260.0,0,0,3,2 path,0 no foreign neighbour,0.01019324641674757
527,4,secondary,0.0,0.0,575.0,,46.0,1,1,2,0 isolated,,0.011956358328461647
528,0,cycleway,2.0,0.0,575.0,0.5,30.0,1,1,0,2 path,mixed,0.01001126691699028
529,6,track,0.0,0.0,575.0,,1.0,1,1,2,0 isolated,,0.010413434356451035
530,0,cycleway,1.0,0.0,575.0,0.0,30.0,1,1,0,1 tip,0 no foreign neighbour,0.011979956179857254
531,0,cycleway,2.0,0.0,575.0,0.0,30.0,1,1,2,2 path,0 no foreign neighbour,0.005448783747851849
532,0,cycleway,2.0,0.0,575.0,0.5,30.0,1,1,2,2 path,mixed,0.0049949269741773605
533,4,secondary,2.0,0.0,575.0,0.5,46.0,1,1,2,2 path,mixed,0.005187226925045252
534,3,residential,1.0,0.0,575.0,0.0,260.0,0,0,2,1 tip,0 no foreign neighbour,0.00541516812518239
535,3,residential,1.0,0.0,575.0,0.0,260.0,0,0,0,1 tip,0 no foreign neighbour,0.00924944132566452
536,3,residential,2.0,0.0,575.0,0.0,260.0,0,0,6,2 path,0 no foreign neighbour,0.00965143647044897
537,3,residential,0.0,0.0,575.0,,260.0,0,0,0,0 isolated,,0.010183142498135567
538,3,residential,1.0,0.0,575.0,1.0,260.0,0,0,2,1 tip,1 all neighbours foreign,0.0036149665247648954
539,0,cycleway,2.0,1.0,575.0,1.0,30.0,1,1,2,2 path,1 all neighbours foreign,0.0032335922587662935
540,4,secondary,1.0,0.0,575.0,0.0,46.0,1,1,2,1 tip,0 no foreign neighbour,0.003190920688211918
541,4,secondary,2.0,0.0,575.0,0.5,46.0,0,0,5,2 path,mixed,0.010245837271213531
542,3,residential,2.0,0.0,575.0,0.0,260.0,0,0,2,2 path,0 no foreign neighbour,0.0011334567097947001
543,2,path,2.0,0.0,575.0,0.0,70.0,0,0,8,2 path,0 no foreign neighbour,0.0046944995410740376
544,2,path,2.0,0.0,575.0,0.0,70.0,1,1,5,2 path,0 no foreign neighbour,0.005159899592399597
545,2,path,2.0,0.0,575.0,0.0,70.0,0,0,8,2 path,0 no foreign neighbour,0.004351447802037001
546,1,footway,1.0,0.0,575.0,0.0,39.0,1,1,2,1 tip,0 no foreign neighbour,0.0024237779434770346
547,3,residential,2.0,0.0,575.0,0.5,260.0,0,0,2,2 path,mixed,0.002937513869255781
548,3,residential,1.0,0.0,575.0,0.0,260.0,0,0,0,1 tip,0 no foreign neighbour,0.00249888701364398
549,1,footway,1.0,0.0,575.0,0.0,39.0,1,1,2,1 tip,0 no foreign neighbour,0.0034040461760014296
550,1,footway,2.0,0.0,575.0,0.5,39.0,1,1,2,2 path,mixed,0.0030613255221396685
551,3,residential,1.0,0.0,575.0,0.0,260.0,0,0,2,1 tip,0 no foreign neighbour,0.002020040759816766
552,1,footway,2.0,0.0,575.0,1.0,39.0,1,1,0,2 path,1 all neighbours foreign,0.00591304199770093
553,3,residential,1.0,0.0,575.0,0.0,260.0,0,0,0,1 tip,0 no foreign neighbour,0.00510307727381587
554,2,path,1.0,0.0,575.0,0.0,70.0,1,1,7,1 tip,0 no foreign neighbour,0.010286624543368816
555,3,residential,2.0,0.0,575.0,0.5,260.0,0,0,1,2 path,mixed,0.008342363871634007
556,5,service,0.0,0.0,575.0,,116.0,1,1,1,0 isolated,,0.009172177873551846
557,2,path,1.0,0.0,575.0,1.0,70.0,1,1,5,1 tip,1 all neighbours foreign,0.01026881393045187
558,2,path,2.0,0.0,575.0,0.5,70.0,1,1,5,2 path,mixed,0.010383048094809055
559,3,residential,1.0,0.0,575.0,0.0,260.0,0,0,0,1 tip,0 no foreign neighbour,0.005767902825027704
560,5,service,1.0,0.0,575.0,1.0,116.0,1,1,4,1 tip,1 all neighbours foreign,0.005787706933915615
561,2,path,2.0,0.0,575.0,0.5,70.0,1,1,4,2 path,mixed,0.005639499519020319
562,4,secondary,2.0,0.0,575.0,1.0,46.0,1,1,4,2 path,1 all neighbours foreign,0.005624294281005859
563,5,service,1.0,0.0,575.0,1.0,116.0,1,1,4,1 tip,1 all neighbours foreign,0.005667125340551138
564,2,path,2.0,0.0,575.0,0.5,70.0,1,1,4,2 path,mixed,0.005456613376736641
565,4,secondary,1.0,0.0,575.0,0.0,46.0,1,1,4,1 tip,0 no foreign neighbour,0.005412347614765167
566,5,service,1.0,0.0,575.0,1.0,116.0,1,1,4,1 tip,1 all neighbours foreign,0.005514391232281923
567,2,path,2.0,0.0,575.0,0.5,70.0,1,1,4,2 path,mixed,0.005285659339278936
568,5,service,1.0,0.0,575.0,1.0,116.0,1,1,4,1 tip,1 all neighbours foreign,0.005308796651661396
569,2,path,2.0,0.0,575.0,1.0,70.0,1,1,4,2 path,1 all neighbours foreign,0.005051264073699713
570,4,secondary,1.0,0.0,575.0,0.0,46.0,1,1,4,1 tip,0 no foreign neighbour,0.0050094290636479855
571,3,residential,1.0,0.0,575.0,0.0,260.0,0,0,4,1 tip,0 no foreign neighbour,0.004190764389932156
572,4,secondary,1.0,0.0,575.0,1.0,46.0,1,1,4,1 tip,1 all neighbours foreign,0.008588938042521477
573,0,cycleway,0.0,0.0,575.0,,30.0,1,1,4,0 isolated,,0.008408906869590282
574,3,residential,2.0,0.0,575.0,0.0,260.0,0,0,2,2 path,0 no foreign neighbour,0.0004858221800532192
575,2,path,2.0,0.0,575.0,0.5,70.0,1,1,6,2 path,mixed,0.011138015426695347
576,1,footway,2.0,0.0,575.0,0.5,39.0,1,1,6,2 path,mixed,0.009895239025354385
577,7,unclassified,1.0,0.0,575.0,0.0,13.0,1,1,6,1 tip,0 no foreign neighbour,0.010079904459416866
578,4,secondary,2.0,0.0,575.0,0.5,46.0,1,1,2,2 path,mixed,0.006166693288832903
579,0,cycleway,2.0,0.0,575.0,0.5,30.0,1,1,2,2 path,mixed,0.006163435522466898
580,0,cycleway,2.0,0.0,575.0,0.5,30.0,1,1,4,2 path,mixed,0.0067171500995755196
581,2,path,2.0,0.0,575.0,0.5,70.0,1,1,4,2 path,mixed,0.01128829549998045
582,7,unclassified,0.0,0.0,575.0,,13.0,1,1,4,0 isolated,,0.011105839163064957
583,2,path,2.0,0.0,575.0,0.5,70.0,1,1,1,2 path,mixed,0.009223159402608871
584,3,residential,2.0,0.0,575.0,0.0,260.0,0,0,1,2 path,0 no foreign neighbour,0.0072565833106637
585,2,path,2.0,0.0,575.0,0.0,70.0,0,0,8,2 path,0 no foreign neighbour,0.003734998172149062
586,0,cycleway,2.0,0.0,575.0,0.5,30.0,1,1,2,2 path,mixed,0.007156129460781813
587,2,path,2.0,0.0,575.0,0.5,70.0,1,1,3,2 path,mixed,0.01122348289936781
